pixel_id,lat,lon,land_cover_types,pgml_sm,era5_land_sm,esa_cci_sm,smap_ib_sm,smap_dca_sm,smap_scav_sm,smos_ic_sm,smos_l3_sm
45_COSMOS-UK,54.2985000610352,-7.29186010360718,10.0,7.588701456856426e-80,1.146723194443118e-35,2.9758421678173893e-25,4.9908881311542974e-27,2.5642183216089995e-33,1.0016684295071717e-30,2.6716090200547264e-19,6.969650094875205e-19
48_COSMOS-UK,51.2028884887695,-2.0796000957489,9.0,4.5234372588339107e-138,9.206946365181635e-68,6.515654927796398e-113,3.099788030841021e-120,3.1448605127876824e-110,2.1904513107927856e-107,6.023296921033497e-41,2.425103525912804e-34
50_COSMOS-UK,52.020881652832,-2.66211009025574,12.0,2.646617513008917e-146,1.6866071429883525e-84,6.38926286094713e-107,1.1729319944894866e-109,2.5686653343636115e-104,3.621349831276832e-93,5.8840859534653835e-34,6.006150781621556e-37
51_COSMOS-UK,52.6101608276367,-0.8264200091362,12.0,1.3072553487942378e-109,5.353829127194426e-22,1.124364022044763e-49,2.5815409615857664e-51,1.3133440880180985e-51,3.773500495152457e-61,1.345275209190371e-37,7.241709735389987e-33
52_COSMOS-UK,52.1994094848633,-1.56307995319366,12.0,7.577423595547437e-143,1.2747045230625163e-33,1.6759278094107544e-82,1.1687765550683735e-106,4.7272160237621394e-82,1.306213302219084e-90,1.3932822150217807e-27,1.7466430197901713e-21
54_COSMOS-UK,51.5303192138672,-1.48187005519867,12.0,8.847835976700427e-80,2.6829684813273595e-21,5.558438926302973e-51,3.719693127274722e-49,1.5050057829432932e-42,4.7051685368323e-50,3.5061064278793896e-31,5.998833805624237e-22
57_COSMOS-UK,51.8394813537598,-0.948419988155365,9.0,4.158102551195714e-28,3.3839604101268755e-08,7.240159371614879e-16,2.0701481009384805e-15,3.746075715726559e-11,4.0780700302918155e-14,2.5441529956089808e-08,1.8955734606814136e-09
58_COSMOS-UK,52.1321907043457,-0.0444100014865398,12.0,1.200674030607703e-22,2.5165043328776258e-14,2.309735486820516e-18,1.8096504144565448e-17,1.6795175300539186e-15,4.005324475956507e-17,1.3148355883953295e-07,6.329807466976826e-11
61_CR-Fsc,10.4189,-85.4732,12.0,1.7335718518625371e-40,5.191805747598471e-19,5.0859648573316615e-21,1.4402806439851898e-25,9.440408837204697e-25,1.9719406577780622e-27,1.4711492549743837e-23,1.554766928950475e-14
93_CW3E,39.3405303955078,-123.16349029541,1.0,5.978747756500681e-88,4.770195776554533e-106,1.1600891504239041e-83,6.339423981564925e-98,1.910072902773291e-82,3.008031467102912e-81,6.681062073181236e-81,3.0908295464369105e-61
94_CW3E,39.2358589172363,-121.406211853027,9.0,8.078347031563951e-48,3.192535554256976e-61,7.166431572508693e-34,3.751541043606979e-23,3.969649366436266e-41,9.337702620942564e-38,6.0481988050982275e-22,2.76856331652221e-19
96_CW3E,39.1975708007812,-123.159851074219,8.0,4.179328787389617e-119,1.5267290078370858e-130,6.6431503397000985e-127,7.432628598569684e-108,6.213304226242894e-99,1.2494854401472984e-97,3.737352511105012e-77,3.02253354775187e-54
99_CW3E,39.9459686279297,-120.969718933105,1.0,2.1752941082462104e-12,3.7678557782298156e-17,4.5890483342626144e-20,8.571305848667688e-19,4.083305850739352e-09,6.114086327962001e-09,1.5363127010360312e-15,6.221154484578755e-14
108_CW3E,39.341159820556655,-123.1079711914065,1.0,1.6607571629690682e-77,6.029506220064651e-76,7.410109063455303e-81,9.501792818398974e-101,7.296578505751344e-65,5.4029568758327465e-62,1.3292959375836846e-68,2.681908747186625e-56
113_CW3E,39.2342910766602,-123.004981994629,1.0,8.055029541634381e-97,4.897488628367802e-136,9.120166608772726e-113,2.2753054162392476e-124,3.4282079509886463e-93,3.4866345872837446e-91,1.7860152795504938e-92,2.0461845758850302e-72
120_DE-HoH,52.08656,11.22235,12.0,1.1478957879348348e-145,1.7932307458151414e-55,1.7047636325260802e-88,2.3037199783834872e-39,1.343340270501688e-46,3.1054065048956557e-43,6.2980412245353996e-34,1.2169136416956372e-31
121_DE-RuW,50.50492685,6.330962475,5.0,8.656038973417906e-93,1.3131697309036678e-71,1.0147507504570693e-72,1.7146071890926659e-77,4.416155987901502e-50,5.585528313620626e-50,5.820884760613181e-44,2.146879842056665e-34
140_ES-LMa,39.94033,-5.77465,9.0,7.732107461158046e-123,8.551725698402544e-100,6.189106802197603e-86,4.389319786840118e-123,3.156712808165496e-120,2.570379549455027e-114,2.0316898554635375e-87,7.458529640431224e-80
142_FI-Var,67.7549,29.61,9.0,1.7300898838995455e-18,1.624353964817851e-23,1.1583880688923967e-15,0.0006610238093033024,1.3715315021133348e-07,9.390663771297417e-08,0.03204685402652949,0.009880762970704636
145_FLUXNET-AMERIFLUX,38.42946923895942,-120.9647132663302,10.0,4.514065751098956e-179,3.889592566141331e-130,2.2730405827432412e-141,1.3291762890281337e-98,7.58240006140576e-131,4.922600015938078e-128,2.516685746326565e-123,1.7713106543341358e-111
148_FMI,67.3694051106771,26.630790074666333,8.0,1.904622003220611e-68,6.501437592647088e-48,3.9601423178484444e-32,5.972946693556729e-25,3.2561368392399917e-47,3.958341908095529e-41,1.9871040087720375e-17,3.885536625090022e-13
151_FR-Aur,43.549649,1.106103,12.0,1.2387018642362112e-116,5.164753400192705e-93,1.5017709358149285e-84,1.066420647326707e-108,1.0770059392937361e-89,1.3500290099568513e-82,4.9301706562868465e-70,3.9815991031224745e-62
154_FR-Hes,48.6741,7.06465,5.0,1.138668625185943e-92,2.50202880236119e-56,4.894635637243657e-71,5.895339746972483e-73,2.728164622376821e-34,2.165969555136765e-33,1.7042311378006927e-24,1.3652634822430485e-20
156_FR-Lus,46.4142461,0.1206518,12.0,3.172553965127186e-31,4.0980625345346964e-23,7.296041498853322e-19,3.3526484036065354e-20,1.0386374612964385e-17,9.581860420724693e-20,5.122068928889412e-07,4.196189073662065e-09
158_FR,44.4669990539551,-0.726899981498718,8.0,1.113464660031107e-62,2.4577537482169813e-31,4.0444521503050253e-41,8.746036475135964e-84,8.711449923533324e-35,1.0351512064298493e-33,1.1400258072599665e-25,6.597126336117765e-27
159_FR,44.4816303253174,-0.762749999761581,8.0,9.126775724745777e-95,2.5865734260539786e-81,1.8351755958627914e-75,1.1470157612534885e-79,1.7196610949094854e-66,1.1959867919205279e-60,8.297903220973247e-45,3.0894686644761214e-39
161_HOAL,48.15433006286621,15.148502635955795,12.0,5.147612735903994e-63,6.225289234853171e-54,2.9494925732082626e-51,3.8228729359783213e-69,6.36573325953052e-37,1.0565457947339494e-36,1.641177773021164e-23,6.366006003554246e-24
162_HOAL,48.1580390930176,15.147310256958,12.0,1.1785850804674623e-26,2.398468671574882e-19,8.508920470173831e-16,9.690452208917108e-26,3.094478042121761e-11,6.3448387329039e-11,2.2220283868329639e-07,3.9217323229207076e-08
163_HOBE,55.980233510335296,9.184733390808104,12.0,1.9308868383351253e-38,4.857031682508925e-33,2.9293702836245904e-20,5.550380892916674e-21,1.984118624018817e-15,7.189336447332031e-15,5.554759115914858e-12,3.0366724473693195e-11
164_HOBE,56.037001037597655,9.1835599899292,12.0,9.026745437470732e-45,2.7143529393784683e-35,7.06701515484527e-32,5.1653255944991064e-39,4.9255428847152014e-32,3.667883087180475e-30,2.9452034637327633e-22,9.780870255488337e-22
165_HOBE,56.073299407959,9.33370018005371,12.0,7.87748579417294e-15,0.00034449123475463554,3.395376560317506e-06,9.689049339510634e-10,1.3908104249223964e-07,1.0086993902148929e-07,0.0007786857408912725,0.003959041539482259
166_HOBE,56.04173278808594,9.131866772969564,12.0,4.7000803850455264e-30,4.082302685503758e-30,1.1919255830974381e-29,2.3776982591509112e-30,5.1247443417610744e-23,2.0848752523935187e-22,2.4602790009659844e-17,1.274336419147048e-12
186_MAQU,33.89067626953127,102.15832328287767,10.0,1.7065142935538306e-09,0.0020628447258960983,1.4067247917480754e-05,7.195415277190116e-10,1.1133176384559324e-07,3.4882878686710236e-07,0.002373107490752928,2.3350082732918972e-06
189_MN-Hst,47.594131,105.856439,10.0,2.2493125321738835e-12,0.002647064790286895,1.624704954119904e-08,3.818434367774118e-06,1.8733767491696757e-05,8.45846731545892e-06,2.315391287729432e-05,1.8880657791795638e-05
190_MN-Nkh,47.693592,107.489342,10.0,2.5040205388089716e-21,1.3111261806781472e-10,1.970520592926176e-19,1.6807676455519555e-16,4.0506063264553115e-15,7.500833630384435e-15,2.3010921844009085e-14,2.14660713706721e-14
198_Maqu,33.97,102.61,10.0,4.282312205687787e-10,0.00018497158800413806,4.206499720106666e-08,3.0200761693942435e-09,3.0712763586006773e-08,8.37919547841335e-08,1.6069119864172885e-06,8.161967721263036e-06
203_MonteBuey,-32.97,-62.45,12.0,2.2007781103233595e-23,5.11537927294114e-16,4.630452762078805e-14,7.90997523325057e-18,1.1372099810515022e-17,3.7858235339398545e-13,2.2740157605111368e-05,2.5012447462332704e-07
217_OZNET,-35.3239517211914,147.534805297852,12.0,1.6978393448317636e-35,2.1895362519060417e-11,1.5494225986325627e-13,4.495567790408256e-15,4.025394493225386e-15,3.098664566459228e-17,3.626326032806097e-14,1.3881586974548584e-13
218_OZNET,-34.6547813415527,146.110275268555,10.0,6.883284990557596e-62,6.152151298270419e-49,6.932965502147397e-39,1.798205793350251e-42,2.3454770501506046e-37,5.050141076364543e-38,1.6519270288608658e-36,2.788203672356728e-35
219_OZNET,-35.109748840332,145.935531616211,10.0,5.576826665752423e-51,2.2590638638444286e-41,2.687584284654955e-39,4.4659466212752126e-33,5.0786361113984534e-36,2.1640187116778602e-36,6.86257938872689e-33,1.4102275212389613e-31
220_OZNET,-35.0053482055664,146.309875488281,10.0,8.953465008450515e-75,1.5922653848307357e-23,1.749524397704279e-33,3.7871262979992637e-31,1.2872359830848294e-28,3.5885396220915643e-28,1.1766256890648556e-32,1.3650961243870784e-33
221_OZNET,-35.389778137207,147.45719909668,12.0,5.422377788133228e-46,2.780912126015821e-29,1.978693372970504e-31,4.359294978864659e-21,2.5114433545060904e-21,2.2346770011065675e-19,7.656367544725475e-16,1.373361332035432e-15
222_OZNET,-34.7283515930176,146.293167114258,10.0,2.543700583785666e-125,3.398684214994225e-101,2.6567936994717137e-81,4.397838884016238e-95,1.27470313316069e-88,5.097266143133093e-94,2.2001568451352606e-92,8.820029560932141e-88
223_OZNET,-34.7194290161133,146.020034790039,10.0,1.0520394444164844e-74,3.7852491930238987e-41,7.28574641241572e-46,2.993726198364962e-34,8.558813422947007e-36,3.514334880190016e-32,6.617809560823622e-30,3.175394718185494e-31
224_OZNET,-35.2275009155273,147.485000610352,12.0,1.3972883078492596e-55,7.555372139126146e-28,2.7434809535601e-32,6.124565698128994e-24,1.1873288039943612e-24,5.394943289120558e-24,2.3827986266597367e-19,1.7289629081653314e-21
225_OZNET,-35.2720184326172,147.429016113281,12.0,7.50620863606224e-77,1.749651567238534e-49,6.796406811055771e-51,5.654647655133702e-44,3.070750694629512e-39,4.863572169986994e-43,1.299352179605706e-30,4.929826021041805e-31
226_OZNET,-35.0695991516113,146.168930053711,10.0,3.099479000111894e-47,6.772881050578341e-43,5.481822978648842e-40,5.294299944735782e-36,2.6935381812763574e-37,4.260555128554549e-37,2.3661560292277656e-32,2.1832098630410306e-31
227_OZNET,-34.6288795471191,145.84895324707,10.0,5.824292955618584e-107,9.55354506886323e-76,1.0426199476631807e-64,6.366452565323147e-42,4.0082294476438016e-42,3.082829955865283e-41,5.199552045067132e-38,2.018314624430933e-37
228_OZNET,-35.0902481079102,146.30647277832,10.0,4.436500618655558e-74,7.2129625699795865e-56,2.5412854715916297e-56,7.211501911085954e-51,4.1531404748074725e-51,1.5485565594341726e-51,3.3597894768473907e-47,3.786724948175033e-47
229_OZNET,-35.3939208984375,147.566177368164,12.0,2.94332566618146e-104,7.46885774771731e-54,2.1152483017104098e-53,5.005899694182021e-63,6.796985361390545e-58,1.541416444744956e-61,6.104284023381592e-47,1.7383613961772057e-43
230_OZNET,-34.8518295288086,146.115295410156,10.0,1.0406598303064246e-120,1.5512939812914093e-93,1.9363639882926317e-88,3.970900514837126e-93,9.965441990026177e-91,3.6160142479464084e-96,3.17830861447835e-91,1.0172793219587678e-89
231_OZNET,-34.9677696228027,146.016326904297,12.0,1.1144848139846188e-117,1.2121274163386185e-72,3.620474425746743e-65,1.0961978274135123e-53,6.574500970613873e-53,2.7677000218043944e-55,1.1343834431852407e-48,1.5711952935726284e-45
243_REMEDHUS,41.1960296630859,-5.35997009277344,12.0,2.7243503338368503e-49,5.068068350695817e-35,3.1778915744159423e-27,2.6512080256220155e-31,7.846646360005353e-29,1.643952104808088e-28,1.6358658491867708e-28,4.381191813120149e-28
244_REMEDHUS,41.28543090820315,-5.378074884414669,12.0,1.64257379892869e-109,3.8526151662461124e-110,1.415158075355749e-80,1.263040225679775e-108,7.446242570427589e-100,5.45119570271838e-100,9.193515798213607e-86,2.5058504111982065e-93
245_REMEDHUS,41.3939208984375,-5.32145977020264,12.0,4.512498807071751e-122,3.502538886065632e-122,4.307561055043454e-95,2.4759823580935502e-104,1.336463945767157e-92,2.198839822139904e-90,2.790837489605392e-76,1.0127202197029117e-85
246_REMEDHUS,41.29277992248535,-5.273535013198855,12.0,9.752032812217532e-111,1.3006998378267724e-101,6.5406071781863e-88,2.5146275334364156e-88,2.659704678155736e-76,3.937883380611403e-75,1.0123052770927753e-63,4.933017083191166e-72
247_REMEDHUS,41.365110397338896,-5.459745168685915,10.0,1.254618251704534e-70,2.759632660280298e-71,1.1894157759032818e-72,3.3021423885804745e-77,5.948579827999988e-72,4.933040669903398e-72,7.525957484056691e-62,1.7919856193753957e-66
248_REMEDHUS,41.2891998291016,-5.46713018417358,12.0,5.10469610508284e-116,2.6274652496889482e-80,2.8764135341098257e-65,3.533908269698929e-65,2.8966620106042736e-59,2.4066139909031985e-56,1.0434865927072699e-53,9.909469215043987e-57
249_REMEDHUS,41.1489410400391,-5.39757013320923,12.0,2.239746077856522e-45,5.126997338664084e-45,1.4972377459694277e-30,1.2038148447850599e-36,2.461681678307136e-33,5.241521428879271e-32,4.400590016842698e-31,1.3570657984022854e-29
250_REMEDHUS,41.3733787536621,-5.54850006103516,12.0,5.660196505517414e-143,4.312754412419332e-112,9.262443218910999e-108,2.2413227927745046e-98,1.027294146917598e-96,1.016913270082907e-93,9.034205467651433e-80,1.043897278962627e-79
251_REMEDHUS,41.19405937194825,-5.446329832077025,12.0,2.208636665034589e-131,3.898217145608639e-152,5.972417073105167e-120,1.6588449767721203e-100,5.980589310400918e-99,8.029092225370481e-97,1.686490440021496e-81,2.6123044930816018e-84
252_REMEDHUS,41.4511756896973,-5.38484978675842,7.0,1.105544553463316e-98,7.139828378919072e-100,1.860470554706316e-84,3.4567839373515845e-79,5.421170656913517e-71,1.3755618214775484e-70,2.9907669331094278e-65,2.9229679277327555e-69
253_REMEDHUS,41.3470916748047,-5.22474002838135,12.0,1.944616540977581e-106,1.3015052403374372e-103,4.935501113882963e-82,1.7405649842360447e-84,5.990763154483547e-83,2.920716664169121e-80,3.532661147159499e-72,9.255005722200824e-68
255_REMEDHUS,41.2392311096191,-5.54427003860474,12.0,1.282683822946967e-156,5.877431212329685e-160,8.575193580281257e-122,1.4403857219597573e-127,1.7993466600762923e-135,2.7110472171562892e-126,1.8896189430965633e-101,2.1874094729105937e-107
258_RISMA,49.4925003051758,-97.9337387084961,12.0,1.1305856247254795e-34,8.522861316301037e-17,4.718416496017483e-13,8.239509603704431e-10,2.011189415108909e-12,3.7901344468600143e-11,4.657540313519643e-10,7.520786738542366e-13
260_RISMA,45.4015998840332,-74.9478988647461,12.0,5.440756730060039e-41,5.966211397000848e-18,1.9544800167206034e-23,8.24905476920281e-38,3.4273269787671443e-28,2.1361488684263217e-21,2.8384790884089574e-37,3.891229706067419e-29
261_RISMA,45.3358116149902,-74.9341812133789,12.0,5.298397344799588e-30,5.658635453493944e-16,5.5665769050921037e-14,5.250661881500185e-17,3.972551127731712e-23,1.692168770478395e-23,3.3377191204056197e-19,1.0605162711292467e-15
263_RISMA,51.3816413879395,-106.415832519531,12.0,2.798310583221512e-50,3.7661462507560128e-28,4.1373899979811687e-32,1.2024776335473823e-34,1.514899270580482e-41,7.637771602128631e-46,2.365897505225264e-45,8.975679655363366e-41
266_RSMN,46.2331314086914,27.644380569458,12.0,1.1871919165077686e-61,8.916107884914596e-49,1.1189127733783006e-48,1.4864525819071006e-34,7.903786956254477e-30,3.501515724214934e-27,1.1924856539136753e-27,5.415343099853087e-25
267_RSMN,44.2057189941406,27.3385200500488,12.0,2.0290377000384774e-24,4.6337545798608484e-07,4.1619821373674143e-10,6.001910699432067e-10,3.91214560288285e-10,7.303027304031451e-11,3.357050130451265e-08,2.7313906967581603e-11
268_RSMN,44.7344398498535,28.3422508239746,12.0,3.2514004497642117e-25,1.6086027394274957e-11,9.346776368868375e-12,4.1125010063104616e-09,1.2413483694688136e-11,2.6228312106757963e-11,3.0056302291273423e-09,7.341521967956412e-10
269_RSMN,47.3582992553711,26.9254608154297,12.0,1.659888889033613e-35,5.931978707522872e-25,1.170708693414858e-25,1.5318620712757846e-12,7.997592439068867e-10,6.554324369653143e-09,0.0014559578958263902,6.745598861866983e-07
270_RSMN,48.1947708129883,26.5732498168945,12.0,1.349718654784115e-30,1.3452550407268806e-19,8.615322291512928e-20,4.18115101933483e-18,7.095433921843742e-17,1.6842871129821071e-15,2.505191273064942e-14,2.268491468336166e-16
271_RSMN,46.2278594970703,24.591609954834,9.0,7.9470010142398e-22,2.245450353548271e-11,2.657846484878185e-15,7.072209859415007e-14,1.1355979528126698e-16,1.3913202922342098e-16,4.034458910597116e-13,3.71447438189949e-06
273_RSMN,44.1071090698242,24.9787197113037,12.0,6.748622297492042e-72,7.26426268626159e-32,6.5554428339756825e-40,8.0305965707218815e-25,1.177172332285331e-26,9.345836439772454e-31,6.323837060404791e-23,2.5677132956358117e-23
274_RSMN,46.0715599060059,20.6015892028809,12.0,2.9266616718419e-37,1.9505197505463698e-11,8.325605027689388e-16,3.847035856264205e-15,1.7444142011933425e-14,1.2808159478227963e-18,7.332949647446815e-12,4.424376769464112e-12
275_RSMN,44.5527801513672,27.3837299346924,12.0,1.4337616307210558e-13,1.442243461928779e-10,7.385308479321161e-12,5.709546776289178e-08,2.4417485974510316e-08,3.973470718114221e-08,3.6325034467324095e-07,7.351898166921276e-07
276_RSMN,45.8416404724121,27.4090099334717,12.0,8.760469730104475e-23,9.4423969503413e-14,2.5792498754128356e-15,1.773401277651256e-11,2.0725602762940186e-10,3.962129412928742e-10,1.5805294017339037e-09,1.0525140292216077e-10
291_SCAN,37.6745491027832,-109.364288330078,10.0,4.66608711107618e-32,3.8080813992218347e-22,8.847949813308058e-24,2.1883723633241497e-20,4.520083263885879e-19,3.424806706378549e-19,3.4579201113464233e-17,9.470123365324192e-18
292_SCAN,41.0520401000977,-120.687202453613,10.0,3.3115758271079254e-33,6.843452427883882e-29,7.814731309462628e-30,5.317741509181382e-22,1.0756413477664205e-14,7.277420702889405e-16,2.740548928268405e-16,1.9564286637011402e-16
293_SCAN,41.9353103637695,-112.433601379395,10.0,3.693611575955939e-104,3.4294174864692564e-75,7.201953710515525e-83,2.2507797760585314e-67,9.064508910018504e-59,8.207085248248795e-62,2.2065838454660583e-53,3.5239942427302868e-53
294_SCAN,40.8795890808105,-119.953399658203,10.0,2.0794399882812604e-32,5.725041532540045e-25,9.344410227062236e-28,4.804741466814389e-17,8.5938064698904e-14,4.311383533554037e-14,3.509518765638527e-12,1.2803361924901783e-12
295_SCAN,41.3436317443848,-111.187980651855,10.0,3.631785292299321e-47,2.6760618027270066e-38,7.506391761313604e-37,3.1214946758416602e-34,1.856713394547013e-24,4.190893782327373e-25,2.0744386295381956e-24,1.9837105392468356e-23
297_SCAN,39.2285003662109,-92.1194229125977,12.0,3.6661760091026224e-71,4.1116505186114005e-33,4.3682607868805895e-42,1.0636302477187755e-52,1.0902684901624798e-44,1.3150516951739152e-44,4.5535113040042456e-45,9.992584221587247e-46
298_SCAN,40.83272988891604,-104.732203885905,10.0,8.0825009743373e-52,2.970806755239889e-42,4.424992132268662e-33,1.7447208408274092e-29,4.0442201180454686e-25,1.6109832207763117e-23,1.0591113046447238e-23,9.017237482370252e-24
299_SCAN,41.8156814575195,-111.980430603027,10.0,1.5743275661777672e-25,1.4930911784561966e-09,2.6029102696861986e-13,4.020619115273952e-18,2.4150929404372827e-08,2.8924168361974227e-10,9.245262600806037e-09,3.057226974933535e-09
303_SCAN,36.3700294494629,-115.8008728027345,10.0,8.371105752355464e-33,8.12877668878899e-24,7.039626110855337e-10,4.021917119146429e-15,5.650968796121784e-12,1.1028061950960439e-10,5.83248129887978e-14,1.3924492809353819e-11
304_SCAN,41.3313598632812,-111.303596496582,10.0,2.7457846203878974e-24,7.708243336934656e-20,1.0321216886210196e-17,1.5844062624696185e-20,5.877830239586329e-08,1.6484067891899706e-08,3.615675146554878e-09,1.5550974899006882e-08
305_SCAN,38.1513290405273,-112.251220703125,10.0,4.917008207808492e-30,1.4986942162736994e-18,9.373345489470626e-27,1.174131042856748e-25,7.320634728937724e-20,2.6318189378120576e-21,1.0047239949385389e-17,6.440227500827487e-15
306_SCAN,35.1180686950684,-119.596076965332,10.0,9.754890884002026e-151,1.0606092273087528e-126,3.028020076509727e-138,4.1161084956311625e-105,1.2502437897514807e-88,4.1464582453977556e-89,2.2025994243492914e-78,2.610174658113999e-79
307_SCAN,48.3045310974121,-111.923629760742,10.0,2.722331607507726e-19,9.276350882762588e-16,1.2646669890241067e-14,1.080044324798707e-12,1.1046248458517221e-12,9.586501941993896e-13,5.872948124920204e-13,1.0745631737957017e-13
309_SCAN,33.5351295471191,-103.241996765137,10.0,4.587451613035773e-23,3.0851902551248523e-18,1.52189201134063e-15,8.560577068037499e-13,1.6177434926185457e-12,1.7576206771503836e-13,1.3862449941051173e-11,1.8446900881232272e-12
310_SCAN,33.1076812744141,-88.3100280761719,8.0,4.2109653144164576e-10,3.7681837953205884e-06,0.003674875620644967,0.01192933692369188,0.03629665685417694,0.02736348999159603,0.006417219389598341,0.00019925832074950086
311_SCAN,37.3722190856934,-117.973831176758,16.0,2.223012222867692e-22,3.377146896788628e-10,9.214721640600667e-12,1.3845883200309838e-11,1.3344136197456966e-14,2.1587147636393406e-15,1.9665608279477992e-10,2.51277095250061e-10
312_SCAN,33.8020782470703,-115.305053710938,16.0,3.846960463426442e-11,2.623956521168376e-07,2.9026431768975787e-08,8.494052327853119e-12,5.7484644448619044e-11,1.4034639904638828e-11,7.726606441454019e-10,2.2147861003168207e-08
313_SCAN,36.7833290100098,-89.9333267211914,12.0,1.643474133434178e-27,7.206585795922579e-23,2.163143960823942e-31,2.1584117656261863e-32,6.357399526249298e-28,6.200236519684983e-27,1.1081559570504348e-31,7.542341447388536e-30
316_SCAN,37.7785301208496,-109.171928405762,10.0,7.909798686485243e-35,1.7456066848309017e-20,3.3420218123975e-17,6.975065778963322e-13,1.2777163310488905e-08,6.72340730298057e-09,4.416005175663082e-08,4.092793558169472e-08
317_SCAN,37.633430480957,-113.643241882324,10.0,2.484694548368016e-20,1.4624644818224473e-19,2.3587150618639662e-23,1.8479323297008784e-14,1.5126251204896474e-13,2.5691339218076218e-14,6.456558584493405e-12,5.687982739815308e-11
318_SCAN,39.3679809570312,-111.578033447266,10.0,2.0904919744554738e-16,5.132785789870169e-14,3.0560107199698525e-13,4.973467433170059e-13,6.2515875319692745e-09,7.755932047609507e-09,2.349918611106438e-10,2.1326683532435038e-10
324_SCAN,41.7784614562988,-113.82048034668,10.0,1.5253664490317353e-39,3.183411226091371e-37,5.513206789952092e-22,4.136601539674113e-28,2.3895391173734506e-19,3.00409194506931e-20,2.526187243067053e-15,1.2342181870707716e-15
327_SCAN,39.1921615600586,-112.401550292969,10.0,3.070496401792801e-39,1.5792002716849779e-18,2.254169912408932e-30,1.0538063632574508e-15,2.325077065077054e-12,5.219084471011427e-13,3.6825527845985946e-09,4.82132587181621e-09
328_SCAN,43.948429107666,-71.7264404296875,4.0,4.742539156620909e-47,3.861482813860533e-59,1.1581169328560527e-16,2.854954627917312e-06,1.3588267934580602e-16,1.3074249060497849e-14,7.297605062255216e-15,3.323051784473244e-14
329_SCAN,42.9486312866211,-117.010597229004,10.0,5.817204777180713e-28,1.1491854404062614e-06,2.6825909090470625e-19,9.263886762934212e-19,2.4556813966964187e-16,1.0821878380483001e-16,2.828640051943986e-13,1.699167666249054e-13
330_SCAN,32.56929933166505,-106.667483215332,7.0,6.830990516265065e-40,3.5022080638221486e-26,4.128191574308098e-34,1.2514347124634523e-27,8.005460315272116e-26,1.2823760094795038e-26,6.789823462777938e-25,3.374295382064815e-23
333_SCAN,33.4463500976562,-99.866569519043,12.0,3.4778220299526985e-86,4.668409117052475e-55,4.746705271471918e-62,4.105161771960459e-66,3.806427641155667e-59,1.570676200701322e-58,8.67976295044556e-62,1.0724394915136582e-57
337_SCAN,33.5512504577637,-102.373916625977,12.0,8.015980313586854e-57,4.3827650584040386e-45,4.2458667963218e-34,1.9625088678578332e-35,2.795384070030272e-32,3.606839182086164e-33,1.3301206289333465e-27,2.307037599488762e-28
338_SCAN,47.0,-118.566673278809,10.0,1.9121722907275395e-101,3.0716947783440613e-71,1.5316474910433787e-96,2.1487924739021917e-81,1.5174536405285618e-74,4.893873803694221e-81,5.806801747104394e-65,9.389915043058927e-65
340_SCAN,32.6080017089844,-88.1974334716797,8.0,7.090495314859706e-24,1.7820056149673458e-16,2.242705532099358e-06,3.6711544920180976e-12,1.867387450670525e-15,2.6832894140041093e-16,1.104582585321785e-15,6.3761542648141945e-06
342_SCAN,36.1655502319336,-115.611953735352,10.0,1.0840734984036155e-27,1.6768246637154948e-06,2.2194418921094982e-09,0.00021648160026170818,0.009952713109666193,0.0060854957351902505,0.011326912880862393,0.004623188051938198
343_SCAN,40.0924682617188,-118.493446350098,10.0,3.2524480314632035e-62,4.3745168812864274e-24,1.1910549540311173e-45,8.960291667484482e-31,2.243358253133485e-22,6.737634182999808e-23,3.0845941825687176e-24,7.1179028409726e-24
344_SCAN,40.6666717529297,-76.6666717529297,4.0,6.829991745060685e-21,1.2069187735483543e-15,5.72559754033811e-09,3.147248336891918e-10,9.500609882255768e-13,3.172786730316026e-12,4.562479431700879e-08,5.004705274857047e-06
345_SCAN,37.1864013671875,-86.0409317016602,4.0,9.187561368181516e-33,9.803006517393842e-26,1.1621335703215534e-20,8.601830254701761e-26,3.04725891117292e-22,2.994531794025553e-22,1.9296782707918213e-18,9.609577188344686e-17
347_SCAN,38.3664894104004,-112.642906188965,10.0,6.2204402355786655e-15,1.6398889171238435e-06,1.6089908999392633e-12,1.039429587240687e-10,1.800050887615603e-06,2.9285539873326623e-06,8.150951246485181e-05,2.0921779727102056e-05
348_SCAN,37.7776718139648,-118.4208984375,10.0,1.2963712356805153e-25,3.1834906304023575e-20,2.8083389583190605e-20,4.368662149322133e-14,2.041287815937056e-07,2.6350763468862836e-07,0.00010985850283028391,7.242346469326437e-07
350_SCAN,37.4467086791992,-109.337760925293,7.0,1.0965823052582787e-35,6.111361924326391e-16,4.5054568095927104e-29,1.2140302436352009e-17,5.3563026671568464e-14,6.696248001541591e-15,1.4458380964431871e-09,8.536974897540766e-10
352_SCAN,36.5441703796387,-120.554626464844,10.0,1.2504916904408803e-121,3.5302187698733594e-93,9.224446144176824e-99,3.9494960047381926e-89,6.291241775225871e-60,1.4700756307396922e-58,5.118924404397836e-61,9.445567327997861e-59
355_SCAN,40.372631072998,-110.406021118164,10.0,4.0571032427775325e-30,1.1900375309392251e-23,8.407627026939848e-28,1.1803554381587257e-27,3.087970747973491e-23,1.2284992440521437e-23,2.1457613667807729e-19,9.223090184305803e-20
358_SCAN,39.6455383300781,-111.87043762207,10.0,1.10357998695629e-48,1.4927100239609504e-34,3.1016052298660756e-33,2.6648584345595483e-30,1.6418737059995323e-23,1.1969440079276917e-23,1.9948993783526555e-24,1.3150202251481538e-24
363_SCAN,30.0833301544189,-95.9833297729492,10.0,5.930643617439351e-15,0.04354960892508068,0.00027069891727257126,0.001110484091923305,0.0032448884466374497,0.0034389759084132113,0.004242198765756934,0.0024329974526055165
372_SCAN,35.4660682678223,-115.715103149414,7.0,4.898341257194302e-13,3.145271445054268e-05,1.4873935701280812e-05,2.656164822825972e-07,7.96095809861592e-09,1.464036807457123e-08,2.935636670885587e-07,3.8084112681526966e-08
380_SCAN,34.9701805114746,-119.478309631348,10.0,1.3287625239501882e-77,3.1048249926493588e-62,1.3499067176779494e-64,1.6626171293832332e-54,7.45942668053628e-47,1.003104910834053e-46,1.3558058767892354e-42,1.1604355237347838e-41
381_SCAN,34.1797294616699,-87.4561767578125,8.0,1.876015058427636e-117,4.415732133545624e-72,5.686995810322862e-60,4.166544270148217e-34,8.66913479663999e-92,1.214754945134358e-86,8.136377598480537e-54,5.533175325948379e-35
385_SCAN,39.2372398376465,-113.458656311035,10.0,1.39721866517228e-19,5.442753969146753e-13,1.1664827106850852e-13,6.970138953551132e-11,3.868597738793663e-09,4.456359256660257e-09,3.5766483838692e-09,1.2121845757810929e-09
387_SCAN,36.9902381896973,-91.3094329833984,4.0,6.597324484614587e-45,4.6763124848795333e-42,1.6248782175282037e-30,3.3324358528786245e-31,1.549242863404156e-25,1.8531611610294715e-22,2.9498352508872554e-23,2.6943200850751182e-18
389_SCAN,34.7849006652832,-90.8176879882812,12.0,4.895649801534213e-28,2.7386499754896163e-17,2.0284971503647134e-24,7.784864082205226e-18,1.4098666556192084e-11,1.994054901579556e-12,3.2330961216684435e-15,2.7124598209135174e-15
391_SCAN,34.2778816223145,-91.3501663208008,12.0,7.328307760119418e-16,2.4471455726076913e-14,1.5137934714584565e-09,3.2088149616133265e-10,4.799486261755609e-09,9.212006506748282e-11,1.0419046687037828e-09,4.3570258598137117e-11
393_SCAN,29.2157802581787,-99.7551727294922,10.0,1.9281490262373186e-88,2.9314507030103254e-46,2.7870075438878034e-46,1.5887208723789513e-61,1.1873302195601893e-53,4.852776024848511e-53,4.786010237175691e-58,7.800273885878932e-58
394_SCAN,36.4597587585449,-120.706008911133,7.0,1.1354442056319204e-23,7.466753710258647e-18,1.8805921836892567e-13,2.423880353048478e-16,2.5592634607825576e-11,4.1065485952794016e-11,4.777073177483823e-13,2.364104734835677e-13
395_SCAN,30.2999992370605,-84.4166717529297,2.0,6.493304988016316e-54,1.6932080802163503e-66,4.819135408729368e-26,4.0129317287676715e-30,2.6199802115008657e-33,6.349360529495297e-33,1.2800551474247996e-34,1.0954496407483986e-20
396_SCAN,31.74269363586426,-110.052449523112,10.0,1.3405280105227647e-56,8.013222176619845e-22,1.2541408944647787e-37,3.094379757007366e-50,2.4357398021822786e-52,3.0901951291979955e-52,7.411127979890616e-46,4.2328790572490413e-45
399_SCAN,38.0139389038086,-109.127449035645,10.0,3.9562027640879566e-12,0.002263059138297712,8.488796677315545e-07,0.0007287612293549505,0.004418604714118746,0.0032331119986531067,0.00913200049694136,0.00945034462505926
400_SCAN,33.533821105957,-103.630966186523,10.0,5.668427337012283e-31,1.5399825879368035e-24,4.619306538781376e-28,4.151846221054898e-32,3.242165776251364e-29,9.142198569476865e-31,1.2331603231660955e-28,2.246720043319369e-28
402_SCAN,32.6666717529297,-81.1999969482422,8.0,2.420798885268609e-36,5.860660921007138e-34,1.2615066572153507e-13,1.3920155703472128e-09,2.5838753008811507e-16,1.683417554092904e-17,2.771343231850104e-06,0.0007914669413515493
403_SD,13.2828998565674,30.4783000946045,10.0,7.310563691823638e-13,8.178749668416915e-06,4.983894287334765e-15,6.736833471624211e-16,1.1424964648114358e-15,7.222063460194075e-17,0.0036682061664515256,8.436811780898029e-07
404_SE-Htm,56.09763,13.41897,5.0,8.195992868028912e-43,2.8782763257971166e-29,4.188424081462209e-21,4.575555206127876e-24,5.014467360786785e-19,4.071322049091256e-20,5.17219006335117e-10,3.958478200911821e-08
407_SMAPVEX,42.559151,-71.954755,4.0,2.6271016067091905e-25,1.5879328270674972e-11,1.3193185347772811e-09,2.996395676604036e-15,1.8671713254657153e-07,1.273886573126903e-07,0.00030186076871668903,6.762013849991983e-07
409_SMAPVEX,42.650670000000005,-72.138575,5.0,1.2878870431238134e-16,2.784197151035408e-25,2.3984295783891618e-12,2.4432948811761287e-07,1.1233454605408176e-07,1.854310470393714e-07,2.1689108985039907e-05,0.0002546673496007688
410_SMAPVEX,42.68092,-72.01332,5.0,5.042477740063496e-16,2.6065947620637773e-10,2.2897461897111262e-07,4.633533896623554e-21,2.997002416808623e-07,1.548198813093154e-07,2.3895320981897502e-05,0.0001959907643274477
414_SMAPVEX,42.62835,-72.02762,5.0,1.0915793674999645e-21,5.002020726074062e-13,3.3220634512050884e-08,1.3001012959265618e-30,1.4470053116623136e-08,1.044496848423399e-08,4.275422852132969e-06,1.2314345463604583e-05
416_SMAPVEX,41.941017,-73.49616,4.0,4.598069028416072e-34,7.1031053838699865e-28,9.349239825177134e-17,1.6063422470230743e-18,5.4798162508371336e-11,1.8565568351486426e-09,5.189421119212021e-13,1.550320647835859e-11
417_SMAPVEX,41.9450425,-73.59694,4.0,1.5525542791458245e-44,8.475401898868256e-33,7.296004210016899e-19,1.2509470436055673e-39,1.9938849765168288e-20,1.2258102031739661e-18,4.44462301087968e-21,4.3279329035130955e-14
418_SMAPVEX,41.8385,-73.50703,8.0,1.525182010822567e-29,2.9843914095415e-24,3.4642386311476987e-14,6.370049230219504e-22,7.238452447457842e-16,5.473863812372337e-14,4.9511570079700624e-15,3.5694335633809503e-12
419_SMAPVEX,41.84381,-73.61859333333335,8.0,5.742453952064877e-37,3.0224513116070026e-26,2.820754036746199e-16,1.5860764844263891e-37,4.659579441169614e-17,4.405554145595874e-15,7.84886541552214e-19,5.728955799461842e-12
421_SMAPVEX,41.802,-73.6272,4.0,2.117195889722466e-11,3.2899627011519026e-10,3.966636765364675e-07,3.921219276209497e-10,3.386380473942517e-06,3.249276643945012e-06,0.00018688757205325167,4.9717464503134455e-05
426_SMAPVEX,41.757920000000006,-73.51630666666667,4.0,3.301108351399817e-34,1.7172097178688738e-26,1.4963614641914003e-15,4.7926468588558244e-14,2.3838489437457924e-14,5.019212741602726e-13,6.192406269128494e-09,7.34491281287267e-10
454_SMOSMANIA,44.6660003662109,4.15983009338379,8.0,1.433341064205753e-12,2.117063783774776e-06,1.6604937982309143e-07,7.415561876185501e-13,2.820087436401945e-06,6.552219625043988e-06,0.0009112634087320115,0.00037563496299573607
457_SMOSMANIA,43.9743995666504,0.33610001206398,12.0,6.796845322379901e-58,1.0622710508672619e-43,4.492502659913959e-47,4.082497763244133e-42,4.833236762269062e-30,1.3738705511824084e-34,1.3519744480548181e-30,1.1384451117553005e-31
458_SMOSMANIA,43.9935989379883,-0.046900000423193,14.0,2.259670674768939e-115,3.5991415989134124e-74,8.331143353700811e-53,8.724183967018862e-35,4.181044912257812e-78,3.7495523182698517e-75,3.5769774005464147e-56,4.1909375556187893e-50
459_SMOSMANIA,44.2430000305176,4.01016998291016,5.0,1.9699174578966636e-106,3.016432118481693e-85,2.788382159469135e-60,2.7208087305954297e-58,2.8445685345589585e-72,1.4666152562040033e-69,1.8884778735667425e-40,5.680838899286461e-49
460_SMOSMANIA,43.5471992492676,0.887799978256226,12.0,7.127742545079474e-93,6.400971545389016e-64,1.1422194259065829e-63,8.468679496463859e-66,1.2404351119172114e-60,3.5376016215671384e-65,3.360820596438668e-44,8.323491297064394e-44
461_SMOSMANIA,44.733829498291,4.08382987976074,8.0,4.777098890883946e-100,4.33540914757931e-50,1.870825630062039e-51,2.733758416325172e-37,6.603638878153981e-41,2.480815561772106e-38,2.0826815941810643e-37,4.618279725987578e-25
462_SMOSMANIA,43.1921997070312,1.64359998703003,12.0,2.215950092517766e-76,1.4915882551476682e-50,7.272829990997059e-58,6.855413166303003e-44,1.6958194983461994e-37,4.859368582294187e-39,1.1699653948796736e-24,4.123952698928862e-22
463_SMOSMANIA,42.9599990844727,2.52999997138977,8.0,1.613662015375162e-95,4.377642533890445e-60,1.01424235779833e-44,3.5048010337697846e-82,1.236291211061639e-56,1.3824207485416428e-55,6.319330025671796e-29,3.0789381896134546e-33
465_SMOSMANIA,43.6664009094238,0.221699997782707,12.0,1.5226140544625718e-63,1.821137034430632e-50,5.4248688355252125e-53,1.6378706879491272e-41,5.598182831263852e-33,9.681706348141989e-38,3.4455659582207394e-35,1.1224334165618804e-38
467_SMOSMANIA,44.1474990844727,-0.845600008964539,8.0,8.90580008010139e-129,3.4439660753237423e-77,2.47439417657793e-67,1.4942701624924618e-88,2.2357132416932537e-97,2.434747465848355e-97,2.454033842477057e-90,3.935978007291133e-73
468_SMOSMANIA,43.4416999816895,1.87999999523163,12.0,9.564360935645072e-141,4.1576350945904867e-103,6.003853700847307e-78,1.2497560570809195e-97,5.563016851994971e-91,1.5082633854825004e-91,1.2145720076007704e-63,5.630441767180039e-67
470_SMOSMANIA,43.6397018432617,-0.435000002384186,14.0,6.947383260441969e-59,2.386335655844696e-38,4.1166501770730365e-46,1.337049671636496e-44,2.5818184288523664e-32,4.50043575795727e-28,7.510391424527327e-29,1.2011672352770064e-27
475_SNOTEL,44.3034210205078,-115.234466552734,10.0,1.2629498685946027e-17,6.254747604291713e-27,1.23911204194476e-12,7.970190181195356e-13,5.626301561515135e-06,4.813056441758685e-06,2.717344519556225e-06,0.0006129350838487663
478_SNOTEL,41.833911895752,-115.452781677246,10.0,1.1767619626262808e-28,3.656197064234378e-25,2.2871722358795634e-19,1.1801765166905893e-17,2.6777060263184725e-16,3.6691144596726645e-16,1.956259292838037e-12,3.601757526134681e-13
487_SNOTEL,41.7616806030273,-115.693099975586,10.0,5.909705973267182e-54,8.050095676265392e-40,1.5394419202293152e-40,4.785846874827791e-29,2.278448797347726e-25,1.4070357493844608e-25,1.701799296290488e-19,7.561800657208686e-20
488_SNOTEL,39.2914810180664,-117.115058898926,10.0,6.297594764694013e-48,2.0112120389536367e-10,1.641073393349003e-20,1.44395657480245e-05,8.896350618760695e-06,1.4690316871679862e-06,0.0010327629821314434,0.00030440346254160313
491_SNOTEL,42.407169342041,-122.266166687012,1.0,2.7347659891442187e-05,2.3260160127377724e-08,0.01169471007717803,0.0031602839325871124,8.831023798206597e-06,2.1278968353437833e-05,7.685768727714815e-06,6.721214247800753e-05
493_SNOTEL,38.6799011230469,-111.597648620605,10.0,1.4724083453186283e-19,8.711665331246878e-16,5.088367549187263e-07,3.934567081671209e-07,0.00019026977360815786,0.00011709660986819364,6.5017828304551e-05,3.1081875468988966e-05
494_SNOTEL,41.0562286376953,-106.713996887207,8.0,2.999002797694822e-30,1.1718487558554692e-22,1.0928157524777173e-16,1.4604962985163304e-20,2.2149501832654844e-15,1.6870917963126458e-14,5.417870831087345e-12,3.0040908807819115e-10
497_SNOTEL,38.9456901550293,-112.15348815918,10.0,2.493235263835646e-25,2.5300494547611904e-14,6.090726063426287e-07,8.466556526217109e-06,0.02097040761073869,0.03146620170648873,0.04350546363198576,0.029178842470338813
498_SNOTEL,43.7637710571289,-116.09684753418,9.0,2.8458124182045156e-54,4.471581096487772e-17,1.610311399522494e-38,2.3072374882130964e-27,6.125730796742346e-09,1.2843638866509606e-09,2.579267156409474e-07,1.5308200693760663e-08
499_SNOTEL,42.164421081543,-114.192718505859,10.0,7.957749311797946e-61,6.421393739715853e-54,9.725806672208932e-39,1.1925198164044126e-41,5.122150575505394e-33,7.702743010536143e-34,2.0706039669696307e-30,5.6113348325609785e-33
501_SNOTEL,37.6799392700195,-112.856742858887,10.0,2.1164334297560496e-30,2.6584191836631224e-22,1.0179992629216736e-16,2.3933216811966287e-24,7.303254878382085e-18,1.8131905661032087e-18,1.4717441286177708e-14,2.7942605222964944e-16
502_SNOTEL,36.3105602264404,-115.68525314331048,10.0,4.021543434189057e-36,1.522576893328162e-19,2.5154423965146844e-05,8.987736545538111e-06,1.2345728651912103e-07,3.3114232274380027e-07,1.821034133033781e-09,1.9202136802521995e-10
503_SNOTEL,41.36345413269045,-106.235138598633,8.0,3.03938076362715e-23,2.344885458735484e-15,2.5198368401560992e-08,2.437945204115752e-13,2.3433125718956286e-07,1.0547230386609419e-06,1.5030963801398758e-08,1.8587939807471197e-10
506_SNOTEL,39.1339988708496,-111.437217712402,10.0,9.304497852552736e-14,1.280023431325124e-07,4.270359359583593e-07,1.6925721804533711e-12,1.4865644636658674e-07,5.9527425098408315e-08,1.0235093191106512e-05,2.8147442770034664e-06
509_SNOTEL,39.3037796020508,-106.113159179688,10.0,3.5626536142180202e-12,1.0192194967338935e-10,6.683635742434532e-07,8.65624678800688e-13,3.606719078566499e-10,5.661732223342212e-10,5.423917345981827e-07,2.413503618556681e-06
510_SNOTEL,41.7506713867188,-117.53182220459,10.0,6.829131139859981e-16,3.799933170406544e-05,7.299281824816478e-11,2.8559763261542838e-05,0.0012207049216036469,0.0012075769485359383,0.01088863156460307,0.008435017966699201
511_SNOTEL,41.6854095458984,-111.419868469238,10.0,3.1227287198726506e-54,1.1840275744914688e-47,8.059228660615226e-38,1.013219491042777e-45,2.9105232446197886e-27,1.046815897137413e-27,3.819442553518792e-23,1.777721571715847e-21
512_SNOTEL,47.0443992614746,-121.940322875977,1.0,4.4655551326827314e-11,0.005490875347021851,0.0004441552854561516,4.625012432263547e-18,0.01057334530913038,0.015313861936276452,0.005466231853579198,0.001459663883362944
516_SNOTEL,37.6609802246094,-112.740928649902,10.0,3.3443352430086044e-16,7.483257921472024e-10,7.021768639295948e-06,1.0797270715359438e-07,0.00015502157310938897,0.00012662103455237915,0.0008275448839057663,0.0002685412333375492
518_SNOTEL,40.8852882385254,-111.069541931152,9.0,7.3084117765122484e-09,0.0001190120825788697,1.8265410720448356e-05,3.785306037476299e-05,0.0007205897876671716,0.0010536940256191999,0.0010287249262982776,0.0004197051376799832
521_SNOTEL,45.0965805053711,-121.754432678223,1.0,2.971346064902378e-24,8.215825822783886e-13,2.605111673095393e-06,1.622348162850038e-05,4.0898655702253853e-16,2.3956827970572758e-14,1.5931276540676043e-07,2.6223604146520424e-06
525_SNOTEL,44.4370002746582,-111.993843078613,10.0,4.769870000114902e-52,3.966264684031755e-39,2.801148986565321e-37,2.1888502677761131e-44,1.8270534468807102e-25,6.995010240951145e-27,1.90895588369148e-18,1.8978111777927082e-19
526_SNOTEL,46.5639381408691,-115.289031982422,1.0,2.423736783901831e-37,8.351854675669474e-19,4.455700331802426e-11,2.4777412582838505e-13,1.218079065622253e-12,1.5619808706434863e-10,1.0834154871066152e-09,3.753965436425915e-11
528_SNOTEL,39.3256492614746,-120.368072509766,8.0,7.42500317638881e-24,5.844736531701431e-12,3.0398664772496473e-27,1.3842504350756727e-30,9.035067540270726e-05,6.152670615587193e-05,2.418291099019179e-13,1.2887101596942991e-13
530_SNOTEL,40.2952995300293,-111.256767272949,9.0,6.784218763802711e-16,1.757732674349355e-08,2.9089386018794963e-09,8.625653461430137e-08,0.0001461938843633468,0.0004656348546658285,6.859102453656769e-06,9.153515989522371e-05
531_SNOTEL,39.5636100769043,-115.844207763672,10.0,8.278677248231919e-43,9.863114211386825e-09,2.50364280522831e-20,0.0006343913031856761,0.0036047313688505997,0.0020032008929262144,0.01859985744776181,0.0012623150000597699
532_SNOTEL,39.045539855957,-111.46875,10.0,5.162681524979982e-10,5.6520888964671726e-05,3.6993275569353045e-05,3.1471556594583023e-06,5.444636988132239e-05,4.578413799997384e-05,0.0006936048556392395,8.431419398899462e-05
533_SNOTEL,41.9673690795898,-118.189338684082,10.0,7.56079411107108e-33,5.854897571085651e-16,7.4744377890304e-17,1.0356101235432092e-09,1.3134423278647277e-07,7.11017891832939e-08,0.0001254968141374049,9.31530459771522e-06
535_SNOTEL,40.8934288024902,-115.211036682129,10.0,3.757952302877806e-45,3.632214917243556e-24,5.268711207615916e-26,4.45459243781326e-20,7.06238711615065e-22,1.3944771157371132e-20,1.5116633464768111e-18,6.813141206737416e-22
536_SNOTEL,41.6609992980957,-115.323402404785,10.0,3.228391327599247e-14,5.806838897448655e-14,3.8433055969377014e-12,3.792067645351595e-11,6.240043750399853e-09,5.362065588076584e-09,4.296278412666538e-08,1.944574679543055e-07
537_SNOTEL,41.4128913879395,-111.537696838379,10.0,3.305976694080859e-14,3.5481926737355613e-09,1.5270120698698e-10,2.7880916790287787e-07,0.00018433287564357915,0.00015436057282772615,9.473317890572449e-05,2.747031463737541e-05
541_SNOTEL,43.1309700012207,-110.202301025391,10.0,7.083208062242225e-11,0.00014836785874548764,0.00011332284712839662,1.8517556276053001e-09,4.1343060173165164e-05,2.027032153651835e-05,0.007051042693465222,0.0059696962581193376
543_SNOTEL,38.5497016906738,-119.804679870605,9.0,6.314237737425191e-19,2.7148169730596662e-08,6.129518314221557e-06,4.5398336838831794e-23,2.5656297452363026e-05,9.881682846605854e-06,2.5233062648252256e-06,3.672412277283793e-05
547_SNOTEL,41.8209800720215,-116.101531982422,10.0,6.18231359926707e-38,1.640890767689452e-20,7.836170627487303e-21,2.4510071714295687e-16,1.294919064328315e-16,4.041336587681903e-17,1.8161560891702674e-14,1.8163927253880747e-14
550_SNOTEL,40.7178497314453,-110.467208862305,10.0,6.461565749934495e-14,4.5162550318682203e-07,0.0001103769125603724,2.9239792008655014e-11,6.076756259714118e-06,4.003294140799291e-06,0.0001222484517053158,0.0003107895237074642
553_SNOTEL,39.3801383972168,-106.19783782959,10.0,3.7908856697714716e-18,2.2021768829640017e-14,0.00036783993422666235,1.3542858913395583e-12,1.599883170613683e-05,3.5578059094717655e-05,1.0950952016153566e-05,3.7200497149215444e-06
554_SNOTEL,41.580078125,-115.936401367188,10.0,1.493056759311799e-46,5.764158221844586e-32,2.053335880183726e-36,6.573946976145293e-21,7.266562412694523e-23,1.0029304162643907e-23,7.613719069596182e-16,4.424397125571236e-15
556_SNOTEL,43.8749694824219,-114.71363067627,9.0,1.2833049813154196e-05,7.234311583540736e-06,0.00036222618843969646,0.0008410073266811654,0.025833062681266644,0.025113863284745082,0.024973495231242808,0.0046043175479585224
558_SNOTEL,37.4008293151855,-113.45987701416,10.0,7.287514704199257e-10,7.164350769859758e-06,0.0037528544602860405,9.726095335778856e-05,0.005885016220135498,0.00492363879113597,0.006151929607199046,0.007936518559414225
560_SNOTEL,42.413200378418,-111.166297912598,10.0,3.0496874888356926e-22,2.8228292402619883e-12,6.2941309124019586e-12,2.3699164060375717e-15,1.1093518700644148e-13,2.13246983145016e-13,4.6920475545263655e-14,7.518638346084604e-15
561_SNOTEL,66.745002746582,-150.667495727539,9.0,1.488551389808978e-56,4.763884352765137e-65,2.5011583507529464e-37,0.0060601888254605725,1.5839594977305466e-32,2.084021571940698e-28,5.0253772176316234e-17,2.0257034675705493e-13
562_SNOTEL,40.8835792541504,-117.588119506836,10.0,3.109089194332594e-55,3.4543984519017424e-17,1.9211210903525505e-38,7.884897938907058e-23,1.1425900321263934e-20,2.2930760933440028e-23,1.8220982516113702e-14,1.216867616823479e-16
563_SNOTEL,48.9515991210938,-118.986396789551,8.0,5.108400972229827e-35,8.130475016284637e-25,3.4796025389710315e-20,7.392639270739491e-24,4.635649167892201e-25,1.8301334968825505e-22,2.2859388508491194e-26,1.489050319527932e-23
565_SNOTEL,43.3429794311523,-110.434951782227,10.0,6.039865926372277e-05,0.005278120853750537,3.623042656352041e-07,8.567088994325745e-05,0.001604799880771228,0.0036538262616936505,0.0009837775612620838,0.005924775801777142
567_SNOTEL,41.6703186035156,-117.566680908203,10.0,1.0311024428543692e-42,9.931347793896728e-08,4.43378833251861e-18,1.509222694777834e-09,3.38720171359391e-08,1.6342029175191283e-08,6.468909139059072e-06,4.581666188357249e-07
568_SNOTEL,40.3847999572754,-115.527572631836,10.0,8.75980597097913e-44,9.648849245408972e-24,8.637314742699502e-21,5.192575481604446e-13,1.6741565950336692e-10,4.61390210153159e-10,2.241208333582104e-09,2.6469969761183618e-09
569_SNOTEL,37.4961700439453,-113.942352294922,10.0,2.576033621660817e-58,8.155410397287081e-17,3.5315740948085326e-30,1.507648766775632e-11,2.17497937086148e-13,7.515354470665286e-14,8.258339957393476e-11,5.297201784927821e-10
572_SNOTEL,33.9712104797363,-109.765312194824,8.0,1.1344187693667504e-39,1.5938789886201086e-27,1.2955807675831457e-13,1.8787989403183525e-21,2.8492372113830585e-17,1.670200862964283e-16,5.924673845255132e-16,2.2431456334511376e-14
579_SNOTEL,44.4202995300293,-111.385116577148,8.0,1.9318434963140363e-37,6.714085650491998e-46,1.674937303507155e-36,1.5339128393824442e-44,1.5567758502817282e-34,1.2927780260700345e-34,6.033500201297537e-28,1.0450229613236347e-27
580_SNOTEL,41.5467491149902,-116.005172729492,10.0,2.847327184506962e-49,8.123552984573873e-31,1.4250935436661575e-33,8.847177159991537e-14,1.8147631144861397e-15,3.7190053477777437e-16,2.011997029240443e-12,2.3962290681470264e-13
581_SNOTEL,41.513599395752,-116.011703491211,10.0,9.602034056175159e-74,3.0157715115246437e-29,9.699959834769916e-46,4.697597822374334e-19,2.9587408142932057e-18,3.4894496032566246e-19,5.954176055335142e-12,5.22186935135235e-15
582_SNOTEL,44.0509185791016,-115.443222045898,10.0,1.3781644547326173e-13,1.5351946368183792e-15,5.05766559949469e-09,1.8323804414289162e-12,0.025294939207823473,0.02792665116430909,0.017945029032546737,0.011817578310138882
586_SNOTEL,42.2655410766602,-110.801811218262,10.0,5.803304107715534e-38,1.0642702367054962e-28,3.3165497992586846e-20,1.237836153113849e-20,1.348660653637745e-08,2.3235635370680784e-09,1.9571832862566108e-07,3.918926291237557e-08
588_SNOTEL,38.483829498291,-112.392730712891,10.0,4.399561861966873e-06,1.6986263102311327e-05,0.000369734680971476,1.062426208368763e-06,2.5565021371014445e-07,1.4907296086815534e-07,7.763098385393433e-05,0.0022014169245489525
590_SNOTEL,40.5970916748047,-110.433158874512,10.0,1.9552091738525795e-18,2.6631400989037387e-10,0.00034176911912936464,6.169179655208602e-25,1.9030181832472271e-06,5.864181718280452e-07,1.0355616526645207e-05,2.459788471395353e-05
594_SNOTEL,41.7763710021973,-116.029571533203,10.0,8.702186009452586e-62,2.5258001407021984e-40,3.0790834955273032e-40,1.1166298206563704e-34,5.703433161585106e-32,1.0653950926938012e-33,3.3305390247708595e-25,2.6720851659506856e-27
598_SNOTEL,40.3572006225586,-116.864700317383,10.0,6.169471314033258e-83,5.7774688883521724e-30,3.2695255361715896e-56,3.031666229043397e-26,1.6451993169613274e-21,4.786065951448953e-23,1.0605576074571105e-15,3.703329674454844e-17
601_SNOTEL,65.1242218017578,-146.733901977539,8.0,1.021148556051093e-57,3.9750763650980297e-26,1.9194074518968143e-39,5.750044497243851e-10,3.6529499649031295e-36,2.6430096814633284e-27,3.095540148601623e-12,2.0191778360849595e-09
602_SNOTEL,38.4374504089355,-119.36572265625,10.0,1.4827532330039843e-31,3.4400847104948862e-12,1.019390740740845e-16,2.3654233636806557e-16,7.382608888357488e-07,2.1142938447281717e-06,0.0004151970014667074,1.5862862215921478e-05
604_SNOTEL,40.5115394592285,-105.765403747559,8.0,9.6511432764176e-10,8.326846303884426e-07,0.0016281399063313232,6.675345257536369e-05,0.0004776291729867341,0.0006881870756886288,0.010914845808107457,0.0005285881213388045
605_SNOTEL,47.4574890136719,-115.704566955566,1.0,1.0662649536578774e-84,4.3462022689353564e-29,5.150208243296486e-42,2.280431777157325e-37,7.44021015955027e-18,3.518699976564603e-17,1.731690990443507e-28,2.0139030855028173e-27
606_SNOTEL,41.221549987793,-111.359466552734,10.0,6.989793867052698e-18,3.8752278570203896e-15,7.35757482552967e-10,5.269152405859999e-07,0.03647942319026047,0.011552923044014335,0.00794134757088856,0.03338030221526981
607_SNOTEL,39.6833801269531,-111.318176269531,10.0,1.110016461996423e-06,0.0002833245145355943,0.00498463638198316,0.0019277911107491686,0.006576429156548743,0.0033450946696189235,0.0031260957571205943,0.003654256210363759
610_SNOTEL,41.3783302307129,-106.346969604492,10.0,5.094411708088987e-42,1.0732899302741384e-13,4.783195181338233e-13,6.357096319463523e-27,5.647705951499804e-10,4.9953203806845806e-09,9.043993190280342e-12,1.6176417221332135e-15
611_SNOTEL,47.1504516601562,-116.26643371582,8.0,1.660331267951321e-70,1.8350837797851834e-42,1.7673717316642425e-44,7.836238445559519e-40,8.538249654132505e-30,1.2609810314273486e-27,4.397556831969475e-27,1.3690553285779192e-26
613_SNOTEL,34.9414100646973,-111.51863861084,9.0,3.161833823083277e-93,2.2478485958789406e-23,6.585738841153621e-12,2.4200907486213347e-17,1.010212362926002e-15,6.407769953265488e-16,7.6541805556431e-14,2.7291726431906403e-11
614_SNOTEL,40.6079788208008,-109.88809967041,8.0,3.061139097846901e-18,1.0382486908680143e-05,0.0004377000322797294,4.2156351284772295e-13,8.941150124662781e-05,9.596051874426652e-05,0.0007039397167136549,0.00013804267691480164
615_SNOTEL,46.8050003051758,-116.853500366211,12.0,3.320371830864635e-144,8.928225081813185e-18,5.5933075721643284e-37,2.3156097974679596e-33,1.1146308016535934e-23,1.1781854954187365e-21,1.7055752819362666e-18,6.759272858082269e-23
618_SNOTEL,42.600399017334,-116.55924987793,10.0,4.864855371057187e-30,2.78373969736771e-17,5.974622537296675e-21,2.7043408180308848e-15,1.709147203098468e-11,5.607670635602722e-12,2.708137148889976e-08,2.31043759850532e-08
620_SNOTEL,48.7226295471191,-116.463119506836,1.0,1.8761052288824368e-34,8.299286404331377e-18,4.34664304934404e-31,1.9227937411522485e-20,7.066912631186029e-21,2.6009549875168296e-18,4.595663663651472e-15,3.8997065038341074e-16
622_SNOTEL,41.8641090393066,-115.082511901855,10.0,7.418539596086302e-27,4.7767449627190924e-14,7.675507829325514e-16,7.620370412626865e-11,7.38376732597768e-08,2.3022483908686514e-08,1.2642392582769302e-06,2.952640356178635e-07
623_SNOTEL,39.3484992980957,-112.192001342773,10.0,4.235084459441005e-53,4.198232500710333e-13,3.7216836936923646e-25,1.7186075875059428e-07,0.00010809381336681065,2.3058994301648982e-05,0.0015430236195834966,0.0010158495854339696
626_SNOTEL,36.40869140625,-105.330383300781,8.0,2.721366208183584e-13,3.2837068767355245e-09,1.2294790027343423e-06,5.774676492984469e-05,4.691295116109306e-05,7.95979126303681e-05,0.00011394459937591604,0.00035196657689394505
627_SNOTEL,37.7046318054199,-112.650367736816,10.0,2.8476341646762145e-25,2.894293834859947e-13,1.8104291170500666e-12,3.151329929912143e-17,7.468515616462367e-11,4.5072111288819025e-11,1.2101439124771207e-10,8.352556995344764e-10
633_SNOTEL,39.929759979248,-111.631088256836,10.0,3.700631004073061e-19,1.4701615354314573e-09,5.674646781552032e-10,2.1266703840842586e-06,0.010612168181996848,0.009363274501512716,0.001025201645927744,0.0004824283086864453
634_SNOTEL,42.7673988342285,-112.106483459473,10.0,1.395735039077236e-07,2.465104135194632e-08,1.6957520979656994e-06,9.212477301579812e-12,5.7109063084799e-07,5.596536074967294e-07,4.70956651372608e-07,2.886183885649126e-06
635_SNOTEL,40.3980293273926,-105.846061706543,8.0,5.705682696010605e-08,6.110759977689527e-09,0.0001257096572881622,3.3168107804787056e-11,5.529846610933462e-07,3.2121780673037707e-06,1.3723055877706765e-06,6.28055625865096e-06
636_SNOTEL,39.0121917724609,-111.582588195801,10.0,1.5610565204215554e-14,8.773917341707616e-07,9.368975965348184e-07,0.00034635173651523525,0.0017607085899774381,0.001026604985839163,0.014446578365590164,0.0213826161396471
637_SNOTEL,46.4959716796875,-115.795700073242,1.0,1.071262955338693e-83,5.2889427098748326e-49,2.21598392559199e-64,4.618157778733105e-64,2.1470671734031816e-38,3.317999040558064e-36,3.529418679411835e-36,3.5500803542832984e-35
639_SNOTEL,40.8629302978516,-115.120666503906,10.0,2.4311114473451228e-20,3.3738686323656306e-12,3.797998174340403e-10,2.5183405091305483e-05,1.1237471702901382e-06,9.79482738005773e-07,0.019786781212895854,0.007503941151091532
640_SNOTEL,41.8725509643555,-115.247131347656,10.0,1.0202329048561563e-14,9.404036229091273e-13,3.8914229840843205e-08,3.8206517373006734e-05,0.00010204586970073945,6.255176861071657e-05,2.4324286587884534e-05,3.55367422394969e-05
642_SNOTEL,39.4654388427734,-117.62068939209,10.0,1.8380963153799843e-65,8.118384602755903e-24,2.263056199135166e-44,1.935011098199702e-24,5.149863453339e-18,5.842213468757478e-19,8.269104499355225e-16,2.5669153553376337e-17
643_SNOTEL,42.3192291259766,-120.825332641602,9.0,2.395566432595242e-12,0.0012519720665949354,9.567225779599608e-12,2.409348286962621e-08,1.9671180600662767e-05,4.0741365707303126e-05,8.51951927361002e-06,1.498504632528836e-05
644_SNOTEL,47.8792686462402,-117.089378356934,1.0,1.4283279566140643e-133,1.5100355239766937e-100,2.629394320573529e-89,5.512564266715026e-91,8.993919734547377e-85,9.344908070353786e-79,3.265308445189897e-66,1.1910700850434267e-74
647_SNOTEL,47.8558311462402,-117.036666870117,1.0,2.092902131656994e-144,3.550754878747286e-74,1.425479792003253e-114,6.712522802757431e-82,2.6711750499075033e-59,4.978844103004198e-56,6.457117794363343e-61,3.459238171729764e-76
648_SNOTEL,39.4966697692871,-111.725082397461,10.0,1.0315546049088627e-35,6.180852503198764e-29,3.676068735917836e-17,3.1652306178198637e-12,5.365110596198087e-10,1.843806674607344e-10,3.528127247296258e-10,5.222742511347709e-11
650_SNOTEL,36.0719604492188,-105.629493713379,8.0,9.630007052263693e-18,1.2731559658155599e-09,2.0521674850913916e-07,1.891295141387053e-08,5.6289525961600386e-05,4.6940843643941356e-05,0.00010418482192526338,6.024331803247084e-05
655_SNOTEL,42.5074996948242,-110.909896850586,9.0,1.6444670286535262e-28,1.1030113391274533e-27,3.69702252818164e-29,5.337574969578634e-24,2.1311426898978803e-18,1.633945934116518e-18,2.9520827976767954e-18,1.102344747852106e-17
656_SNOTEL,41.1117897033691,-107.170433044434,8.0,4.430528067517896e-27,3.855180019230139e-11,7.426070372441459e-15,4.4382175241930185e-25,1.0387632014939034e-08,2.1715053202871005e-08,7.025636819528732e-07,6.017727512856033e-07
657_SNOTEL,46.4663314819336,-114.633331298828,1.0,6.588299141077857e-39,8.876820412881442e-12,3.737141169558379e-14,1.6524598519480108e-32,4.6651556888831665e-06,1.937237643134782e-06,1.8095152226233896e-09,1.340779121155457e-10
660_SNOTEL,46.5660285949707,-115.742156982422,1.0,1.0274389810889583e-71,4.0417935159064255e-41,1.1694333968328989e-35,6.214496689267624e-30,7.856981674319904e-35,6.981091682352473e-31,5.192756313706929e-31,3.217311447949726e-30
661_SNOTEL,41.9043502807617,-119.444641113281,10.0,1.1791894052321694e-27,7.160789994341488e-16,4.679770995133702e-19,7.127599170941974e-14,9.245737091251579e-11,4.979901619085791e-11,1.0492897368333784e-09,2.350500645486703e-09
662_SNOTEL,46.9502792358398,-116.339721679688,1.0,8.432368532772102e-134,7.50418523693991e-56,1.5688175378870967e-70,6.3475606603820185e-71,6.859155101623518e-41,2.0786726406349605e-36,1.1377886351499355e-44,1.7412887707602332e-44
663_SNOTEL,42.9561500549316,-121.181228637695,10.0,1.4731995615735987e-07,0.01993540289703753,1.932525286321099e-05,4.5713767091956316e-07,0.00029438504060225055,0.0004202999980702535,1.2286866579258295e-05,3.6684603654108883e-07
669_SNOTEL,41.3294982910156,-106.502502441406,10.0,6.336264381216103e-20,3.999164264507274e-09,7.72806183511738e-08,2.531816015614136e-07,0.005912321097634016,0.00741398385431122,0.00011368114342820251,2.1516726389392415e-07
671_SNOTEL,42.7647590637207,-116.900291442871,10.0,1.583080263475821e-94,1.2330876917746133e-38,7.865584273874433e-69,4.285094537967966e-61,4.0957100246235877e-50,7.47266339213815e-52,1.3615184089445223e-36,6.141605850234943e-36
676_SNOTEL,40.2253189086914,-105.919799804688,10.0,0.0007857663672755923,0.00925608908111194,0.04577286189464266,0.002876055798385023,0.0025557018036107284,0.0013979314121698812,0.0021438192966301496,0.0025525573233962833
678_SNOTEL,41.4895286560059,-118.996627807617,10.0,1.7982509961492132e-31,1.1258669936776388e-11,1.4347659905796732e-22,4.1031678445972485e-10,4.275492956816536e-08,2.4289927995224198e-08,2.618981387101402e-05,7.713925449764786e-07
679_SNOTEL,38.3974685668945,-119.535217285156,10.0,9.225986955580374e-21,3.239924034285451e-16,1.4549561349554011e-18,3.446202037725475e-16,3.450116671635096e-11,1.4183708809736037e-10,3.1249136828668487e-08,5.212996206175966e-10
680_SNOTEL,38.0480003356934,-111.339813232422,10.0,1.698858448842949e-10,1.987897282437167e-05,6.581377136354493e-07,5.366476967984356e-05,0.00014521676700106855,0.00013163629097844744,2.3708134721366757e-05,1.0570814996500134e-05
681_SNOTEL,47.5554504394531,-115.82421875,1.0,5.26660626097744e-48,1.2941476248597612e-21,5.9273789343321144e-18,2.373870233262772e-26,8.316386318689809e-16,8.359756765358402e-15,6.1679158403050906e-15,3.4251736026669975e-17
683_SNOTEL,36.5819511413574,-105.456169128418,8.0,2.120590765598526e-24,1.134082476961511e-06,1.5333604466092922e-08,1.629528763807619e-06,0.00010250526829129697,0.00011039540483432206,1.1332473702370624e-05,8.615331817899244e-06
684_SNOTEL,41.7929992675781,-111.546051025391,10.0,9.52848162175585e-23,2.131819335745233e-18,1.3550405392211399e-11,6.926971400734695e-17,1.586965251162361e-09,1.8507893563190192e-09,7.291413546408624e-12,1.5864917606979433e-10
686_SNOTEL,39.6771202087402,-110.433952331543,9.0,1.3271601055904538e-52,4.423916716700867e-24,1.1587719034330567e-15,2.6159141311854468e-08,0.0002074084628032418,0.0001727554995552289,0.00043467939129240114,6.1301211437498e-05
688_SNOTEL,42.7639312744141,-110.591400146484,10.0,5.723589732487508e-15,7.880866500044807e-20,7.504960552597643e-06,2.4939729916486624e-13,1.6855222862398963e-07,1.5729708859105447e-07,8.685564257413321e-06,7.675212680623324e-05
691_SNOTEL,65.3671035766602,-146.591995239258,7.0,1.1259643925317633e-51,8.60022093647693e-08,7.465190621534995e-24,1.3047811562556424e-05,2.951841785773069e-24,3.988096910292425e-18,1.313690786517102e-17,2.174883900497699e-15
695_SNOTEL,39.1324195861816,-114.955749511719,10.0,1.7696633114834604e-26,3.0343058313224434e-06,1.7697831334864792e-14,2.664522869760085e-06,0.0013535105150173955,0.0006651102951121328,0.03178813410500284,0.04450534462238586
702_SNOTEL,40.4773292541504,-111.044692993164,9.0,1.5300859907254384e-22,3.5404959910109776e-12,2.586690246831324e-08,3.407096711084847e-09,1.1539601369440042e-05,2.1886540750189137e-05,3.709161552618151e-07,2.6734171499089627e-05
703_SNOTEL,39.1323318481445,-111.35684967041,10.0,1.9506896931400087e-13,1.1424308276658421e-10,3.9050980406827377e-07,5.955133352114371e-07,0.00013725262931383518,5.4527608999559015e-05,0.00022755060819009285,0.0011857890170826856
704_SNOTEL,37.7479705810547,-112.774948120117,10.0,4.2047374463050874e-40,7.683278155984226e-27,2.9295286225047184e-28,8.39372935873234e-31,6.187837906263731e-23,1.569101810256208e-22,2.5937029476233864e-23,7.021014004330698e-21
710_SOILSCAPE,32.60226186116538,-106.75749545627178,7.0,6.292633634608274e-44,1.560787414247387e-24,8.641134997228229e-29,3.6709809928224526e-28,2.0834832392935383e-25,2.4589229361935344e-26,9.91560175174947e-24,1.76661446026131e-23
711_SOILSCAPE,31.736954602328208,-109.94450933283028,10.0,5.839392050370644e-17,8.001227532214923e-08,2.9925674124231714e-11,1.8145510974327106e-13,4.2560346443997314e-14,2.1142037709224893e-14,4.54676205486115e-12,2.6358484117965636e-11
714_SOILSCAPE,36.00123860285832,-98.63021909273589,10.0,1.5856254833064427e-14,3.127479298207004e-09,3.880888911324611e-07,1.0005126736507137e-11,1.0181370761416115e-09,2.0708658333475117e-11,8.82703896388137e-09,1.2244737214125962e-08
715_SOILSCAPE,38.390520025182646,-120.90539889865452,10.0,1.113364538674437e-27,7.080907755802763e-16,1.0133140898234068e-29,1.2832116623094417e-21,2.7054154779718137e-17,2.1794863526762241e-16,3.538018195424102e-16,3.5463075072540357e-13
716_SOILSCAPE,38.15260696411133,-120.7902072559704,10.0,1.6167400493959721e-44,1.1047242428178805e-46,7.220430075836585e-39,3.4567939860548374e-32,6.7550165960581625e-37,1.3677364784508633e-33,2.2298715786781055e-33,6.466573994168408e-27
717_SONTE-China,41.76310722365721,115.6808908858104,10.0,6.337791390279996e-18,8.51045872804078e-14,1.0613047573397552e-13,5.6019367932718494e-11,1.5329235278498045e-09,2.4440698437265195e-10,1.8711934300798492e-05,1.787352547870902e-06
718_SONTE-China,38.62958813741744,102.91820928613274,16.0,6.350584992332706e-09,1.5082766765485368e-05,1.736525838497177e-15,0.007327188446295457,0.018630583208841624,0.01163318968419559,0.015368110087755354,0.013818263570870756
724_SONTE,44.79131825,125.622192,12.0,7.818442262647915e-10,1.9790970323416905e-07,6.321323602100503e-08,3.7043336997519365e-05,2.05994044408772e-05,1.5485001050550086e-06,3.396775272453341e-05,0.00025274818099755257
726_SONTE,31.64317925,92.01172275,10.0,1.748938778511506e-07,0.0010232013739587922,6.251310234916507e-06,0.0001132173604548362,3.668583985965373e-05,0.00021646094410974825,0.0013426356852397686,0.0011520532922233801
727_SONTE,26.75997625,111.8710395,9.0,4.369573599446355e-17,2.246634024213952e-10,0.0005066669923655418,2.7462956849730057e-06,1.1598234817047416e-08,5.074152219871929e-05,2.3124400197664003e-05,0.0017227225879263416
734_TAHMO,6.230044841766356,-0.346764996647835,8.0,2.5544136558743103e-38,1.1543486719433461e-30,1.4189600301458313e-22,1.2897828776954645e-19,5.1673948887466594e-17,1.3278146707021494e-15,1.2739726739735783e-06,4.4795784419148274e-11
735_TAHMO,9.40083026885986,-1.00190997123718,12.0,1.565326608448229e-67,6.955451637946691e-36,7.466000692928078e-42,6.127974881095527e-48,1.1855595382637493e-48,6.306458302461811e-52,1.0083469134422129e-43,5.5291163795727377e-45
738_TERENO,50.5149002075195,6.3755898475647,5.0,1.5699155833145055e-115,3.832092331049734e-105,8.728345002057471e-76,2.497959340723801e-81,2.2542740032220346e-68,8.614206033051835e-64,3.173933284486315e-49,5.070120579421986e-46
741_TWENTE,52.0674705505371,6.6567702293396,9.0,2.2003955794793154e-23,3.3149470861743195e-08,1.1395049224131588e-11,8.83134190434073e-15,3.2546521113523048e-12,1.2272847346577522e-12,7.111713698872134e-13,4.723397675333285e-08
750_TWENTE,52.1910400390625,6.66827011108398,9.0,5.8173129899943954e-67,8.707614094050965e-65,4.09381407950492e-47,5.133803889894744e-61,3.73183584554333e-62,6.607299734409299e-61,2.2287996036339705e-44,9.664030681573984e-37
751_TWENTE,52.27087593078615,6.584404945373535,9.0,5.221988915702167e-51,8.142717274754e-43,1.735235333622594e-30,1.0598014297731827e-48,7.758984504516323e-38,1.1969574795948528e-34,1.338646879131401e-29,1.1527093066649897e-23
752_TWENTE,52.1403503417969,6.55964994430542,9.0,1.0478913680402835e-38,4.299652481558875e-10,5.004325880781709e-13,7.497541493702004e-23,1.1855102284105464e-19,4.6072331470422785e-20,2.682160943037422e-13,5.6295351785051755e-09
754_TWENTE,52.195188522338896,6.30936503410339,9.0,1.117916357657044e-25,1.2248873251584722e-18,6.0358497094113e-14,4.63493587204747e-22,7.866911428681146e-16,2.4031328687858215e-15,3.642814108655065e-12,6.498348899371332e-13
755_TWENTE,52.3678092956543,6.53525018692017,9.0,2.1448551364069907e-39,6.130060506725547e-20,3.526773263467322e-17,5.080179380263758e-34,3.067204355794093e-29,3.1893650875642574e-31,1.471289166433621e-26,1.1078257234474386e-14
756_TWENTE,52.4194507598877,6.54057002067566,9.0,4.890441184872903e-34,1.6255069334017757e-18,1.0429907495795706e-16,8.801676617449301e-27,2.2205778205698125e-23,5.675236237269844e-24,2.326747940541973e-19,4.792206221227354e-18
757_TWENTE,52.4052810668945,6.37990999221802,9.0,3.328829812988815e-50,5.981398923635458e-34,1.6527154130546315e-26,1.0162952906413138e-48,7.827820105778698e-41,1.4470489039102747e-38,9.545518081411972e-30,1.5289536745897028e-16
758_TWENTE,52.3188896179199,6.44860982894897,9.0,3.291641729830665e-10,2.1568295128238756e-05,0.00030934767709369726,9.258850712128403e-07,3.2577534715500586e-05,2.804048098399837e-05,3.713034027367276e-05,2.9799388989280965e-05
762_TxSON,30.430078642708896,-98.82527106148856,10.0,3.839008337916856e-109,1.8004392680951895e-81,8.303565996085239e-77,1.671967070938096e-104,6.594049387749809e-79,8.521004959166946e-83,9.201769992875865e-81,4.340898515244619e-84
763_TxSON,30.25843855050895,-98.71664604773888,10.0,5.37940651065855e-125,1.8393180069760427e-73,1.1740763977217502e-76,4.51756207465233e-107,2.7897573222192e-82,2.8807657845580917e-84,3.701863688414217e-100,3.5637632653163884e-100
764_TxSON,30.4599990844727,-98.9406967163086,10.0,7.279468284134314e-89,1.1751292973627306e-57,5.4326992258109865e-55,8.780506320137062e-67,7.655558961726529e-50,5.866090605566597e-50,1.4591379740326557e-54,1.7392262915401012e-56
765_TxSON,30.4147491455078,-98.6120491027832,10.0,1.0240225963233293e-108,4.634082547216493e-77,8.871172767727647e-72,6.189571837530983e-91,1.9846104076885835e-78,1.3689142947114698e-81,5.064850089357793e-87,1.4265627711687698e-85
766_TxSON,30.2108001708984,-98.8330993652344,10.0,4.508404405841269e-78,1.2452759183453613e-51,4.959087198338251e-58,2.766634220807679e-63,3.7892085209725025e-53,2.659078698924665e-54,9.695784297490406e-60,1.7052328006460898e-59
767_TxSON,30.186750411987298,-98.63394927978516,10.0,6.480941582619731e-85,2.6012479045731483e-59,3.3140433755561336e-60,3.282662622371142e-78,7.531814534825718e-58,1.3345822222057167e-59,1.2708323949182766e-74,6.377006752861718e-72
768_TxSON,30.3423004150391,-98.8678970336914,10.0,1.2757542525489875e-101,8.702743720087692e-67,3.449972278687142e-79,5.5277638074713424e-86,1.5843181096823936e-77,9.816839575852497e-76,5.475046765716138e-90,5.214016220622283e-88
769_TxSON,30.3299999237061,-98.6116027832031,10.0,1.4977117379128733e-57,1.6481244537860434e-32,1.0376234480115018e-27,4.459892122518926e-46,2.611965373166244e-35,8.195533352192031e-38,3.210655903092274e-41,4.011553936465068e-40
770_TxSON,30.2408008575439,-98.6252975463867,10.0,1.136262389773368e-68,1.802251428284564e-43,3.497789406577194e-38,2.89993431903814e-51,4.041434772503003e-36,1.171992133572648e-39,1.8236728640606362e-47,1.2401755913506005e-46
771_TxSON,30.1658000946045,-98.9497985839844,10.0,6.84864457768278e-92,8.415775632073237e-70,5.475475364441397e-70,7.722539519218601e-84,2.629665414011309e-67,4.190222460446975e-67,2.294203791846326e-75,7.047625997914979e-74
773_US-CRK,31.4629,-95.3415,8.0,8.123400659613936e-44,1.2971005993514411e-21,1.576559496535144e-21,5.860206446784673e-22,7.341725457197063e-18,2.149242958655768e-17,2.263989487044505e-18,1.207448427125854e-16
775_US-EA5,29.3584,-99.9576,10.0,2.0355904519387392e-23,1.9506540689723365e-07,4.8652297929396764e-11,1.7623147365347185e-17,1.0568005244305346e-14,7.36911861815069e-14,3.43189573497697e-16,1.3038916028843766e-16
777_US-Jo2,32.5849,-106.6032,7.0,3.141100661948162e-38,4.917195056899236e-16,6.993337042469128e-32,8.304993740528193e-35,1.4635464696185332e-35,1.0989502857578049e-35,8.27745678323656e-35,1.664664759988455e-33
782_US-Rls,43.17193303629556,-116.733101180013,10.0,4.320565658894859e-55,1.942016089300398e-22,3.62998510678948e-49,5.842654626702189e-27,6.562346034845254e-25,1.5257616339561333e-25,6.025960453477851e-19,5.574332588752731e-20
783_US-Rms,43.0645,-116.7486,10.0,4.3820027572978925e-68,1.07682720067894e-29,1.1543486213995313e-52,1.6158752222752817e-40,1.9892284691314112e-28,1.8550469810718708e-29,1.5713069753429783e-27,1.5731177553391994e-30
784_US-SRM,31.8214,-110.8661,7.0,2.414084576759415e-48,1.2045281002275742e-41,8.334865370975383e-38,1.7520279998409568e-44,3.8447137932216345e-38,2.8662211338438754e-39,2.4141995610854632e-32,1.5494352925962769e-31
786_US-xCL,33.4012,-97.57,10.0,1.1708733305423452e-09,5.587826947565676e-06,1.2381292624207706e-07,6.639990666953696e-06,1.2269089272394756e-06,7.587060149410878e-07,1.5857485365656737e-07,6.442533784834373e-08
791_US-xSC,38.8929,-78.1395,4.0,4.59463688513388e-40,2.679299030577331e-16,1.471456928642661e-10,3.4355147076437313e-15,2.9454253619153525e-13,8.852517785711568e-12,9.050322952054735e-14,4.912224781886363e-13
797_USCRN,43.462100982666,-113.555999755859,10.0,2.4603062941756984e-56,3.6773384478158596e-39,1.960586977448154e-40,8.810850821893454e-35,3.257831661774318e-27,3.3862606593793315e-27,4.370330083827719e-24,1.9404627092308137e-21
800_USCRN,39.0117988586426,-114.208999633789,10.0,8.754254818526698e-08,4.0411236482545836e-05,4.953200941108052e-07,7.928269426557152e-07,8.604870956903432e-07,9.93942526565127e-07,1.7901255000847993e-05,2.560603664189368e-05
801_USCRN,35.8200988769531,-91.7811965942383,8.0,5.0249287190595686e-67,3.653125208472621e-58,1.6402176371354964e-40,2.5074721053827567e-30,6.494538227485121e-53,6.035583017606375e-50,3.370115321622458e-54,4.510026739157412e-39
802_USCRN,38.8881988525391,-86.5707015991211,8.0,6.279818992932355e-80,1.607836202149515e-59,6.328028651972005e-62,7.233023596299734e-42,1.3283198916059485e-52,2.1440141917283633e-52,1.6289108480037014e-48,1.1566870261107286e-38
803_USCRN,40.035400390625,-105.540901184082,8.0,3.9710511786289284e-26,1.5397642374824607e-21,1.0978353843834478e-14,4.786296196949697e-19,9.237992597857706e-19,6.576017601068141e-17,3.343168443450668e-20,3.2421241086578603e-18
804_USCRN,37.2504005432129,-86.2324981689453,4.0,1.0183022457480304e-73,1.663116598170993e-51,1.6802954904600292e-59,1.7605541871693606e-53,8.223950510914346e-63,1.3974282108148374e-59,3.4879567752448334e-52,1.261857106999951e-38
806_USCRN,32.0407981872559,-100.249496459961,10.0,1.0257005090240248e-100,1.2058286574562948e-63,3.9534919144168774e-73,4.4602772747381104e-80,1.5845682725918553e-71,9.355839971992123e-72,3.2647274002855854e-84,5.2488701447496826e-83
810_USCRN,37.255298614502,-108.50350189209,10.0,1.130585384369725e-22,5.3263038555899905e-18,3.23479197094793e-14,3.8218262461552206e-16,2.2491389019944956e-12,2.2013626468548248e-12,9.912329048699428e-11,7.824166904401244e-10
812_USCRN,40.36669921875,-81.7828979492188,14.0,3.465215863750317e-29,3.853095331179892e-11,1.9044646885406134e-18,2.4237346615588934e-20,2.9262943022134627e-18,9.858702549833102e-17,1.88878313073085e-16,1.982690997680503e-13
814_USCRN,41.8484001159668,-119.635696411133,10.0,5.2090836884954943e-61,6.127770560276704e-32,1.8659421254579632e-43,1.0462904551157676e-28,1.7171456441806776e-20,3.281442549109304e-22,1.1758260733944898e-17,1.2665572529770394e-17
815_USCRN,45.1580009460449,-113.005699157715,10.0,4.0800170698713464e-46,2.267184254867595e-38,2.7544301744877243e-34,1.0038678279904393e-33,5.885213446610331e-26,3.6434549312227866e-27,7.679761588312575e-23,5.373095705379344e-22
816_USCRN,40.2445983886719,-108.967697143555,10.0,2.275573663917558e-45,5.6497056026389656e-24,1.2749992226627021e-30,7.824553961529157e-20,3.901002806302032e-08,3.863059129481225e-09,1.0071295791426222e-11,1.8902278930514653e-12
820_USCRN,26.5258007049561,-98.0633010864258,10.0,6.075922425462897e-64,8.390553299432478e-41,1.6807442890274348e-39,1.6992869378408437e-52,7.668771895235922e-46,9.80043435490731e-46,3.722364956157724e-44,1.2047812347486868e-42
821_USCRN,31.5907001495361,-110.508697509766,7.0,1.365741487912161e-55,3.1529019894330495e-40,9.861622856640068e-29,2.102755498677511e-37,3.8730690874699374e-36,6.745067995245581e-36,1.4445705017513915e-38,1.012556975630272e-38
822_USCRN,39.0130004882812,-79.4742965698242,4.0,7.562353214557172e-74,3.4032769074612213e-56,3.2599895684920365e-35,7.808175445451342e-31,1.6403840084468216e-21,2.508629081035308e-19,5.47109734905489e-29,5.0622799625741955e-20
824_USCRN,34.285099029541,-85.9620971679688,9.0,1.1439976254190847e-114,6.7308856845022855e-93,4.474084608754733e-63,1.6729176110314084e-83,3.843219007031507e-99,5.231792881454156e-97,1.5676736906426958e-104,1.5820059135047133e-72
826_USCRN,48.3055000305176,-95.874397277832,12.0,5.403679982891038e-82,1.5122635538418767e-24,3.991666083836798e-48,2.5030496071754624e-53,6.312015404564569e-41,3.880890904234708e-38,2.801877515720929e-47,1.7399136486708878e-43
827_USCRN,36.58374977111815,-101.602352142334,10.0,5.6076408003064336e-40,1.0406565851542776e-20,1.3262012673492424e-16,1.5039254942351999e-22,4.4602757266114435e-25,2.4084227012968436e-25,7.348219886501857e-25,6.765044949870181e-23
828_USCRN,42.4247016906738,-103.736297607422,10.0,1.0162510999298635e-40,1.3294967829480577e-24,7.331583680668473e-35,4.054626626220968e-38,3.39316144920092e-30,2.497740489107264e-31,9.753219192157939e-32,1.3027309644400982e-31
829_USCRN,34.8222999572754,-89.4347991943359,8.0,1.1455002965963216e-92,8.926776965019044e-58,6.3199430496323064e-49,6.085692625628461e-56,1.8887042068009817e-59,1.336392944914456e-56,1.2542691653101886e-56,6.53073688008127e-46
832_USCRN,37.4277000427246,-94.5829010009766,12.0,2.9589634998132724e-78,7.312283935719233e-29,2.19421595243002e-62,1.7730746451988657e-64,4.941155767231777e-41,1.3105593139133261e-46,2.0026363754304382e-51,4.9233369624585126e-46
834_USCRN,37.863899230957,-103.822402954102,10.0,3.6512542308231034e-40,7.77543083494769e-20,3.9706844047101735e-30,2.1868043383869468e-27,2.3754448366415774e-25,7.251033688849464e-26,4.730374303437816e-21,7.62936409272959e-19
835_USCRN,42.6753997802734,-108.668601989746,10.0,2.8363966795467644e-40,7.541610099479277e-39,4.616998164487712e-26,3.2324913776261735e-27,1.2463947931785654e-23,7.285547323977781e-25,1.98121645822873e-22,2.635804913046677e-21
837_USCRN,46.8945999145508,-103.376899719238,10.0,4.774211170350708e-65,3.766778593425126e-35,3.761524693842956e-42,7.060914009452113e-52,5.645277164389746e-44,9.084459039494175e-47,1.399250306164584e-47,4.627714765834804e-43
839_USCRN,36.6240005493164,-116.022499084473,7.0,2.3533674677838045e-23,2.6377682414501583e-21,3.114358707201743e-24,6.467556956592882e-18,9.609542655252805e-14,7.988924103164123e-14,4.197309330499358e-11,1.2782364143804748e-10
840_USCRN,31.6219005584717,-102.807098388672,10.0,9.319400147365746e-46,1.191838091718178e-29,1.1633357081399267e-29,1.62767712062773e-42,4.11402973973178e-47,8.390601060890321e-48,4.55537203438193e-36,1.6547921788987984e-34
841_USCRN,38.5439987182617,-107.692802429199,10.0,1.163500338412891e-28,1.0303598858439755e-24,7.94109969399221e-20,3.605877371417531e-22,2.2903079346782766e-16,1.454933715817109e-16,1.0445919437079759e-11,1.3246690417887251e-11
843_USCRN,33.9556999206543,-102.774002075195,10.0,3.4972233321156114e-58,4.900577557580138e-39,9.196551482292536e-38,1.9331009247016465e-41,1.5018180680629736e-33,6.704318067844388e-36,2.1026096623359327e-38,3.9291940142422383e-38
845_USCRN,31.1923007965088,-84.4465026855469,8.0,5.656369607133473e-79,3.535909647808217e-57,1.551767380953124e-43,1.1106661132094677e-57,2.7119529737100988e-55,1.6267018061228686e-50,3.52763059298324e-57,5.503447464281766e-50
846_USCRN,48.967601776123,-102.170196533203,12.0,4.081450088991967e-101,1.5339341432710623e-51,9.981656953365651e-60,3.808397026885392e-67,2.84158990393976e-59,2.7914069770134346e-46,2.8687453352739025e-69,8.937450705601687e-65
847_USCRN,40.8065986633301,-104.75520324707,10.0,9.109409255335279e-36,2.9266727021488528e-55,4.2580215789952156e-35,1.7116727540360096e-26,2.4838924928581668e-26,2.4770894914546425e-25,3.1973093293814984e-22,3.6399817333577464e-22
848_USCRN,29.3483009338379,-103.209297180176,7.0,1.1739015324470176e-70,1.293629617264416e-38,4.941251453095879e-47,8.944345840959688e-64,1.0048462186968008e-62,1.7061658729853418e-64,5.5914563906853476e-59,2.1649396466427618e-58
849_USCRN,44.019401550293,-100.352996826172,10.0,6.985718997813568e-52,1.9115405151692893e-29,1.244815442479768e-41,5.4627763673932517e-42,1.3819727667860132e-37,1.3929743301672548e-38,1.155961608371452e-42,1.299616667882904e-41
850_USCRN,47.5139007568359,-123.811996459961,1.0,4.88972079438683e-48,4.591969015367586e-75,6.885418773593938e-07,1.2952557026831546e-11,1.7449074988810963e-08,1.9388309915055393e-14,1.6223297869652545e-14,0.00023050351272581765
851_USCRN,40.6506996154785,-122.606796264648,1.0,5.144222909904077e-137,2.0212635221695312e-58,1.5051106940255777e-55,2.971559753931891e-65,5.1940573509229506e-73,2.127317706272952e-72,6.046661137790314e-71,1.970124892023158e-57
852_USCRN,43.4710998535156,-119.691703796387,10.0,2.6446204144397697e-72,2.9613472922954237e-52,1.1769439202007695e-54,1.3537267659559633e-37,8.716964256919124e-32,5.105478315367743e-34,2.3809400011865368e-29,9.98405970717275e-32
853_USCRN,37.6343994140625,-91.7226028442383,8.0,6.527160030612697e-104,6.882949964371441e-47,1.6201434956447424e-69,1.5169352159876219e-59,2.6771714337697645e-61,2.3323861017558264e-57,2.5310041585686298e-57,1.1799602078515686e-57
854_USCRN,46.1134986877441,-92.9935989379883,8.0,2.1422812779354757e-80,1.227097634434119e-84,3.008899129191453e-35,2.4413662641890323e-45,3.2780702301305485e-59,6.6973922529396915e-53,2.661570683834461e-62,6.711861943542243e-53
855_USCRN,41.8429985046387,-88.8513031005859,12.0,1.9821518715593676e-62,3.125130198425304e-47,2.8216238265400505e-36,5.3142436738177124e-46,2.3628463774922155e-42,5.276017491119804e-31,1.668329717106765e-41,7.706167559399863e-41
856_USCRN,34.3557014465332,-106.885902404785,7.0,6.808733267190092e-33,3.0440263552707565e-18,2.605965581602241e-26,4.705463141835253e-20,5.550303927370652e-18,2.245992494280694e-19,1.1079148887335897e-15,1.0038391251607806e-15
857_USCRN,47.4174003601074,-117.526397705078,12.0,1.6739029999617405e-241,3.8263817290850466e-126,3.0656999260046076e-183,5.7975407971880405e-130,1.0740532967726454e-129,6.4606258859528524e-130,7.495991004260035e-126,1.11448660349379e-136
858_USCRN,48.7411994934082,-113.432998657227,10.0,1.314199519156747e-49,4.6983465774124156e-38,1.5131133765574817e-33,6.854209943045057e-53,1.2800381371963875e-56,6.223334954656793e-52,2.455378424149483e-47,6.293845670593512e-41
859_USCRN,36.1180992126465,-97.0914001464844,10.0,8.254718488663733e-97,2.875603807759234e-58,2.652666311377438e-66,5.2778079010287354e-71,2.4894752139810524e-73,3.505036946922043e-73,5.143572489031935e-81,9.955537691595945e-76
861_USCRN,36.6020011901855,-117.144897460938,16.0,2.901695890274355e-32,9.312413014119171e-14,6.044678165744322e-16,1.3432548551388439e-28,1.8224472490851076e-22,2.2666009830104397e-24,3.1882299920508142e-24,1.6404780309245486e-21
862_USCRN,44.5168991088867,-104.436302185059,8.0,1.9511658431427842e-81,5.929630421582049e-65,7.76018116927417e-53,7.427627790509306e-71,3.0693108617817795e-44,1.2433191083875806e-44,2.057648256154181e-52,1.1253410345177136e-44
865_USCRN,33.7836990356445,-83.3896026611328,8.0,4.465178569743925e-96,3.795883318651579e-74,3.600307479731272e-53,1.904858391616687e-66,4.7610851655351273e-94,2.8144825484048683e-91,1.1219354624735377e-80,1.3598507840968992e-55
866_USCRN,42.068000793457,-101.444999694824,10.0,7.263866697459104e-53,5.901064659895545e-48,1.9675983130486992e-38,6.4767380137386566e-43,2.3251206628210674e-36,5.20603898468261e-35,6.901270861767042e-35,3.384992553956237e-32
867_USCRN,35.755199432373,-112.33740234375,7.0,6.502245502007425e-18,2.2330177922546015e-12,2.023701120897126e-25,8.383289991233766e-15,3.4893718144823714e-14,1.6441706864653218e-14,7.093617030592305e-12,4.821471063082899e-11
868_USCRN,48.3082008361816,-105.10179901123,10.0,1.2116214036060535e-72,1.2563989743132356e-38,1.9265134159279977e-37,9.995780928458565e-32,4.399674758272367e-27,3.4889441063975743e-28,6.425153100862514e-27,1.4325306698993536e-25
871_USCRN,32.8349990844727,-114.188400268555,16.0,2.5660882475811034e-41,3.469328138405397e-28,2.3471666513170547e-33,4.670608887534605e-40,1.3482842515540986e-19,6.873499908105468e-20,3.9811990863482135e-24,1.1597558323913583e-25
881_XMS-CAT,42.1553993225098,0.925499975681305,9.0,5.502461017966006e-27,1.5440323499443076e-17,1.021232322078208e-21,2.21909316852189e-24,8.537397161403361e-14,5.464349908922305e-14,5.735626913420875e-07,1.7278306556829805e-12
884_XMS-CAT,42.1556816101074,0.834779977798462,9.0,2.1360758481043663e-08,1.3709400001226547e-05,1.2548021555362786e-09,9.51210813189939e-10,4.423028104170959e-08,1.7218971003007276e-08,1.0786441956833158e-07,1.4191317550591195e-05
885_XMS-CAT,42.1974792480469,1.24688005447388,8.0,2.6720619301649106e-12,7.05145825400543e-09,1.0341126518564667e-10,5.947758185536454e-08,6.417718518331972e-09,6.247211669109826e-09,9.337709289290794e-08,6.820578922157149e-05
891_XMS-CAT,42.1457099914551,0.983179986476898,12.0,1.884664018426276e-23,4.664748993683261e-13,4.730372580278724e-13,3.042710925822533e-24,7.174678045709499e-11,1.2913831013558248e-10,8.095103856365783e-09,1.601999050438312e-13
892_XMS-CAT,42.2179985046387,1.01960003376007,9.0,1.1420291983481963e-36,4.026055343994402e-17,1.782223293113531e-21,1.5828454453142574e-34,5.877089070682429e-19,1.6437066431353312e-18,5.956041140859242e-17,1.0686457962350718e-18
894_XMS-CAT,42.2112007141113,0.893899977207184,9.0,3.255135388745134e-23,1.1502509093445239e-10,5.014866546950583e-13,8.163878388458948e-20,5.375059523163069e-08,1.0470992742700045e-07,0.0003183277436952077,1.2612896358461812e-07
