date,smap_freq,smap_theta,mcd12c1_IGBP_land_cover,omega_land_cover,roughness_land_cover,b_land_cover,soilgrid_clay_fraction,soilgrid_bulk_density,era5_surface_temperature,vwc_mcd13_sf_land,smap_tb_v_corrected,smap_tb_h_corrected,era5_prep,era5_evap,koppen_climate_5_types,insitu_sm
20190508.0,1.409999966621399,40.0,4.0,0.07000000029802322,0.1599999964237213,0.11999999731779099,0.1622968167066574,1.191361427307129,286.13726806640625,3.032506227493286,254.5964813232422,245.63211059570312,0.459995836019516,3.910750389099121,400.0,0.2156416666666666
20190509.0,1.409999966621399,40.0,4.0,0.07000000029802322,0.1599999964237213,0.11999999731779099,0.1622968167066574,1.191361427307129,284.12176513671875,2.978008985519409,253.45523071289062,244.16455078125,0.005986487027257681,2.8409512042999268,400.0,0.2117520833333332
20190511.0,1.409999966621399,40.0,4.0,0.07000000029802322,0.1599999964237213,0.11999999731779099,0.1622968167066574,1.191361427307129,286.867431640625,2.779560089111328,253.77366638183594,243.01852416992188,5.326162338256836,4.6215434074401855,400.0,0.2133729166666666
20190514.0,1.409999966621399,40.0,4.0,0.07000000029802322,0.1599999964237213,0.11999999731779099,0.1622968167066574,1.191361427307129,279.31915283203125,2.478915214538574,249.4817352294922,241.3877410888672,6.395007610321045,1.777743935585022,400.0,0.2383916666666667
20190516.0,1.409999966621399,40.0,4.0,0.07000000029802322,0.1599999964237213,0.11999999731779099,0.1622968167066574,1.191361427307129,286.03143310546875,2.2738993167877197,253.0937957763672,244.30648803710938,2.2782561779022217,3.838304281234741,400.0,0.2216604166666666
20190517.0,1.409999966621399,40.0,4.0,0.07000000029802322,0.1599999964237213,0.11999999731779099,0.1622968167066574,1.191361427307129,287.016845703125,2.1868603229522705,254.3865203857422,244.13629150390625,6.830859661102295,2.066025972366333,400.0,0.2175541666666666
20190519.0,1.409999966621399,40.0,4.0,0.07000000029802322,0.1599999964237213,0.11999999731779099,0.1622968167066574,1.191361427307129,289.95947265625,2.114500045776367,256.05712890625,244.42527770996094,0.16922108829021454,3.8039445877075195,400.0,0.211575
20190522.0,1.409999966621399,40.0,4.0,0.07000000029802322,0.1599999964237213,0.11999999731779099,0.1622968167066574,1.191361427307129,286.8323669433594,2.011460781097412,256.5140075683594,243.7421875,0.028848843649029732,5.110016345977783,400.0,0.2067708333333333
20190524.0,1.409999966621399,40.0,4.0,0.07000000029802322,0.1599999964237213,0.11999999731779099,0.1622968167066574,1.191361427307129,290.1689758300781,1.942748785018921,261.88690185546875,250.24456787109375,0.9837771058082581,3.900545120239258,400.0,0.2024979166666666
20190525.0,1.409999966621399,40.0,4.0,0.07000000029802322,0.1599999964237213,0.11999999731779099,0.1622968167066574,1.191361427307129,288.4016418457031,1.9135239124298096,258.9427490234375,248.76760864257812,0.020441455766558647,3.0428454875946045,400.0,0.1988666666666666
20190527.0,1.409999966621399,40.0,4.0,0.07000000029802322,0.1599999964237213,0.11999999731779099,0.1622968167066574,1.191361427307129,292.13006591796875,1.8894182443618774,261.0955810546875,250.89739990234375,0.0,5.41267204284668,400.0,0.1900333333333332
20190530.0,1.409999966621399,40.0,4.0,0.07000000029802322,0.1599999964237213,0.11999999731779099,0.1622968167066574,1.191361427307129,289.47613525390625,1.8552124500274658,259.1317138671875,251.60736083984375,9.534351348876953,2.913095712661743,400.0,0.2217083333333332
20190601.0,1.409999966621399,40.0,4.0,0.07000000029802322,0.1599999964237213,0.11999999731779099,0.1622968167066574,1.191361427307129,291.786865234375,1.8343583345413208,259.7476806640625,250.25994873046875,1.2030479907989502,5.364820957183838,400.0,0.2051416666666667
20190602.0,1.409999966621399,40.0,4.0,0.07000000029802322,0.1599999964237213,0.11999999731779099,0.1622968167066574,1.191361427307129,292.5007019042969,1.8193758726119995,263.7296142578125,252.14752197265625,4.670457363128662,4.604694366455078,400.0,0.1994020833333333
20190604.0,1.409999966621399,40.0,4.0,0.07000000029802322,0.1599999964237213,0.11999999731779099,0.1622968167066574,1.191361427307129,285.811279296875,1.758670449256897,259.9085693359375,248.8574981689453,0.0,5.144130706787109,400.0,0.1924562499999999
20190607.0,1.409999966621399,40.0,4.0,0.07000000029802322,0.1599999964237213,0.11999999731779099,0.1622968167066574,1.191361427307129,292.09649658203125,1.6659901142120361,264.57647705078125,253.8238525390625,0.033879101276397705,5.593760967254639,400.0,0.1737166666666666
20190609.0,1.409999966621399,40.0,4.0,0.07000000029802322,0.1599999964237213,0.11999999731779099,0.1622968167066574,1.191361427307129,291.3572692871094,1.6011322736740112,262.17803955078125,253.8179473876953,0.000858306884765625,6.007414817810059,400.0,0.1510937499999999
20190610.0,1.409999966621399,40.0,4.0,0.07000000029802322,0.1599999964237213,0.11999999731779099,0.1622968167066574,1.191361427307129,289.4010314941406,1.5775119066238403,264.58306884765625,253.1721649169922,9.854310035705566,2.775697708129883,400.0,0.1396208333333333
20190612.0,1.409999966621399,40.0,4.0,0.07000000029802322,0.1599999964237213,0.11999999731779099,0.1622968167066574,1.191361427307129,289.22833251953125,1.5894743204116821,260.6083984375,251.891357421875,0.000859114108607173,5.889746189117432,400.0,0.1491354166666666
20190615.0,1.409999966621399,40.0,4.0,0.07000000029802322,0.1599999964237213,0.11999999731779099,0.1622968167066574,1.191361427307129,290.11297607421875,1.610633134841919,262.5264892578125,253.18093872070312,0.0,6.420552730560303,400.0,0.1536020833333333
20190617.0,1.409999966621399,40.0,4.0,0.07000000029802322,0.1599999964237213,0.11999999731779099,0.1622968167066574,1.191361427307129,291.9051208496094,1.626594066619873,264.2074890136719,256.7384033203125,0.4383013844490051,4.184080600738525,400.0,0.1608937499999999
20190618.0,1.409999966621399,40.0,4.0,0.07000000029802322,0.1599999964237213,0.11999999731779099,0.1622968167066574,1.191361427307129,291.94183349609375,1.631392240524292,266.92010498046875,258.93231201171875,10.263813018798828,1.786221981048584,400.0,0.1508062499999999
20190725.0,1.409999966621399,40.0,4.0,0.07000000029802322,0.1599999964237213,0.11999999731779099,0.1622968167066574,1.191361427307129,293.0514831542969,1.8493386507034302,267.61376953125,258.28009033203125,0.003281322307884693,5.490840911865234,400.0,0.0988229166666666
20190727.0,1.409999966621399,40.0,4.0,0.07000000029802322,0.1599999964237213,0.11999999731779099,0.1622968167066574,1.191361427307129,295.33795166015625,1.8426648378372192,267.75885009765625,260.02642822265625,0.18149405717849731,5.357699394226074,400.0,0.0779104166666666
20190728.0,1.409999966621399,40.0,4.0,0.07000000029802322,0.1599999964237213,0.11999999731779099,0.1622968167066574,1.191361427307129,296.8733825683594,1.8400927782058716,269.07830810546875,261.82659912109375,0.16697946190834045,5.773379325866699,400.0,0.0699354166666666
20190730.0,1.409999966621399,40.0,4.0,0.07000000029802322,0.1599999964237213,0.11999999731779099,0.1622968167066574,1.191361427307129,298.80023193359375,1.8401122093200684,273.13214111328125,261.9404296875,0.6636096835136414,5.359808444976807,400.0,0.0716208333333333
20190802.0,1.409999966621399,40.0,4.0,0.07000000029802322,0.1599999964237213,0.11999999731779099,0.1622968167066574,1.191361427307129,295.3206481933594,1.840528964996338,271.36346435546875,261.52923583984375,0.00899617001414299,5.027958869934082,400.0,0.0604624999999999
20190804.0,1.409999966621399,40.0,4.0,0.07000000029802322,0.1599999964237213,0.11999999731779099,0.1622968167066574,1.191361427307129,295.7265319824219,1.842406988143921,265.5693054199219,258.76519775390625,0.6282451152801514,4.671886920928955,400.0,0.1045291666666666
20190805.0,1.409999966621399,40.0,4.0,0.07000000029802322,0.1599999964237213,0.11999999731779099,0.1622968167066574,1.191361427307129,293.890380859375,1.8385365009307861,269.488037109375,260.0397033691406,0.00042617321014404297,5.377559661865234,400.0,0.0967937499999999
20190807.0,1.409999966621399,40.0,4.0,0.07000000029802322,0.1599999964237213,0.11999999731779099,0.1622968167066574,1.191361427307129,295.5799865722656,1.798333764076233,271.57177734375,262.64990234375,18.15814971923828,2.9920663833618164,400.0,0.08048125
20190810.0,1.409999966621399,40.0,4.0,0.07000000029802322,0.1599999964237213,0.11999999731779099,0.1622968167066574,1.191361427307129,292.4422607421875,1.7361266613006592,266.8115234375,258.6322326660156,0.021998267620801926,4.7672529220581055,400.0,0.0851124999999999
20190812.0,1.409999966621399,40.0,4.0,0.07000000029802322,0.1599999964237213,0.11999999731779099,0.1622968167066574,1.191361427307129,293.3609313964844,1.6905035972595215,267.9533386230469,258.5379638671875,0.000858306884765625,4.441507339477539,400.0,0.0692958333333333
20190813.0,1.409999966621399,40.0,4.0,0.07000000029802322,0.1599999964237213,0.11999999731779099,0.1622968167066574,1.191361427307129,294.7502136230469,1.6795527935028076,270.9948425292969,260.9785461425781,2.1937057971954346,2.3406190872192383,400.0,0.0635645833333333
20190815.0,1.409999966621399,40.0,4.0,0.07000000029802322,0.1599999964237213,0.11999999731779099,0.1622968167066574,1.191361427307129,295.2438659667969,1.7376841306686401,269.3938293457031,259.8626708984375,0.6560124158859253,3.744192600250244,400.0,0.0571333333333333
20190818.0,1.409999966621399,40.0,4.0,0.07000000029802322,0.1599999964237213,0.11999999731779099,0.1622968167066574,1.191361427307129,297.94183349609375,1.829562783241272,271.2384033203125,260.6645812988281,1.1482865810394287,3.762950897216797,400.0,0.0943395833333333
20190820.0,1.409999966621399,40.0,4.0,0.07000000029802322,0.1599999964237213,0.11999999731779099,0.1622968167066574,1.191361427307129,297.5346984863281,1.8953315019607544,269.3199768066406,259.5724792480469,0.0013001022161915898,4.306297779083252,400.0,0.0999083333333333
20190821.0,1.409999966621399,40.0,4.0,0.07000000029802322,0.1599999964237213,0.11999999731779099,0.1622968167066574,1.191361427307129,297.96942138671875,1.9180474281311035,269.9441223144531,261.08575439453125,1.5945806503295898,3.3698956966400146,400.0,0.0972916666666666
20190823.0,1.409999966621399,40.0,4.0,0.07000000029802322,0.1599999964237213,0.11999999731779099,0.1622968167066574,1.191361427307129,295.282958984375,1.8944954872131348,268.50347900390625,258.48846435546875,0.8601523041725159,3.7009809017181396,400.0,0.1348312499999999
20190826.0,1.409999966621399,40.0,4.0,0.07000000029802322,0.1599999964237213,0.11999999731779099,0.1622968167066574,1.191361427307129,290.68878173828125,1.855254888534546,263.1334228515625,255.34793090820312,0.0008697168668732047,3.435875415802002,400.0,0.1033416666666666
20190828.0,1.409999966621399,40.0,4.0,0.07000000029802322,0.1599999964237213,0.11999999731779099,0.1622968167066574,1.191361427307129,293.9961242675781,1.8241113424301147,267.8699645996094,259.429443359375,1.213329792022705,1.9923896789550781,400.0,0.0897166666666666
20190829.0,1.409999966621399,40.0,4.0,0.07000000029802322,0.1599999964237213,0.11999999731779099,0.1622968167066574,1.191361427307129,294.6834411621094,1.8212655782699585,268.96539306640625,258.22723388671875,1.1932625770568848,3.6113054752349854,400.0,0.1195562499999999
20190831.0,1.409999966621399,40.0,4.0,0.07000000029802322,0.1599999964237213,0.11999999731779099,0.1622968167066574,1.191361427307129,293.77362060546875,1.9015768766403198,266.08209228515625,257.8387451171875,0.0,3.0950636863708496,400.0,0.0975
20190903.0,1.409999966621399,40.0,4.0,0.07000000029802322,0.1599999964237213,0.11999999731779099,0.1622968167066574,1.191361427307129,292.7239074707031,2.0272130966186523,264.6197814941406,257.56243896484375,0.047698188573122025,3.153162717819214,400.0,0.10814375
20190905.0,1.409999966621399,40.0,4.0,0.07000000029802322,0.1599999964237213,0.11999999731779099,0.1622968167066574,1.191361427307129,292.5646057128906,2.115626573562622,265.2819519042969,256.6298522949219,0.0008594741229899228,3.3143086433410645,400.0,0.0954854166666666
20190906.0,1.409999966621399,40.0,4.0,0.07000000029802322,0.1599999964237213,0.11999999731779099,0.1622968167066574,1.191361427307129,290.6396789550781,2.1499123573303223,265.5986328125,256.5860595703125,1.7459464073181152,2.8122451305389404,400.0,0.0893895833333333
20190908.0,1.409999966621399,40.0,4.0,0.07000000029802322,0.1599999964237213,0.11999999731779099,0.1622968167066574,1.191361427307129,290.5227966308594,2.150927782058716,264.8470458984375,256.77764892578125,0.0012942847097292542,3.148524045944214,400.0,0.1044833333333332
20190911.0,1.409999966621399,40.0,4.0,0.07000000029802322,0.1599999964237213,0.11999999731779099,0.1622968167066574,1.191361427307129,295.2220458984375,2.1485278606414795,268.11383056640625,258.8718566894531,0.14496321976184845,3.0247042179107666,400.0,0.0778624999999999
20190913.0,1.409999966621399,40.0,4.0,0.07000000029802322,0.1599999964237213,0.11999999731779099,0.1622968167066574,1.191361427307129,289.40057373046875,2.1413094997406006,263.54193115234375,256.2061767578125,0.012625259347259998,3.646026611328125,400.0,0.0926479166666666
20190914.0,1.409999966621399,40.0,4.0,0.07000000029802322,0.1599999964237213,0.11999999731779099,0.1622968167066574,1.191361427307129,290.52880859375,2.152397394180298,267.2518310546875,254.95333862304688,0.9925251603126526,2.1352858543395996,400.0,0.0837124999999999
20190916.0,1.409999966621399,40.0,4.0,0.07000000029802322,0.1599999964237213,0.11999999731779099,0.1622968167066574,1.191361427307129,291.7074279785156,2.2740862369537354,265.8848876953125,257.2112731933594,0.048828087747097015,2.5098395347595215,400.0,0.0904499999999999
20190919.0,1.409999966621399,40.0,4.0,0.07000000029802322,0.1599999964237213,0.11999999731779099,0.1622968167066574,1.191361427307129,287.0738525390625,2.462794065475464,260.6047668457031,253.54238891601562,0.0,2.700908899307251,400.0,0.067725
20190921.0,1.409999966621399,40.0,4.0,0.07000000029802322,0.1599999964237213,0.11999999731779099,0.1622968167066574,1.191361427307129,291.1954650878906,2.591423273086548,262.434326171875,255.63670349121094,0.0,2.6315228939056396,400.0,0.0592166666666666
20190922.0,1.409999966621399,40.0,4.0,0.07000000029802322,0.1599999964237213,0.11999999731779099,0.1622968167066574,1.191361427307129,293.6165771484375,2.6532952785491943,264.32965087890625,257.39697265625,0.0,2.4969751834869385,400.0,0.0564229166666666
20190924.0,1.409999966621399,40.0,4.0,0.07000000029802322,0.1599999964237213,0.11999999731779099,0.1622968167066574,1.191361427307129,293.6833801269531,2.759603500366211,268.75933837890625,258.06622314453125,0.8401228189468384,2.12727952003479,400.0,0.0528520833333333
20190927.0,1.409999966621399,40.0,4.0,0.07000000029802322,0.1599999964237213,0.11999999731779099,0.1622968167066574,1.191361427307129,287.79437255859375,2.9183855056762695,262.35430908203125,255.13232421875,0.0012870446080341935,2.5233936309814453,400.0,0.0516041666666666
20190929.0,1.409999966621399,40.0,4.0,0.07000000029802322,0.1599999964237213,0.11999999731779099,0.1622968167066574,1.191361427307129,292.0314636230469,3.0198235511779785,266.3519287109375,259.4600830078125,5.479400157928467,2.6527857780456543,400.0,0.0509583333333333
20190930.0,1.409999966621399,40.0,4.0,0.07000000029802322,0.1599999964237213,0.11999999731779099,0.1622968167066574,1.191361427307129,288.4310302734375,3.085040807723999,265.1036376953125,255.2935791015625,0.339229941368103,2.005605936050415,400.0,0.0500791666666666
20191002.0,1.409999966621399,40.0,4.0,0.07000000029802322,0.1599999964237213,0.11999999731779099,0.1622968167066574,1.191361427307129,295.5094909667969,3.3135416507720947,269.60968017578125,259.7015686035156,2.642125129699707,1.6848609447479248,400.0,0.0491291666666666
20191005.0,1.409999966621399,40.0,4.0,0.07000000029802322,0.1599999964237213,0.11999999731779099,0.1622968167066574,1.191361427307129,283.1430969238281,3.6648383140563965,256.1685485839844,247.91770935058594,0.0008546130848117173,2.3593573570251465,400.0,0.0796333333333333
20191007.0,1.409999966621399,40.0,4.0,0.07000000029802322,0.1599999964237213,0.11999999731779099,0.1622968167066574,1.191361427307129,290.368896484375,3.9104340076446533,264.72027587890625,256.48956298828125,20.57020378112793,1.937394142150879,400.0,0.0696624999999999
20191008.0,1.409999966621399,40.0,4.0,0.07000000029802322,0.1599999964237213,0.11999999731779099,0.1622968167066574,1.191361427307129,287.1343688964844,4.008168697357178,259.9952697753906,252.2689208984375,10.83150863647461,2.625244140625,400.0,0.1043541666666666
20191010.0,1.409999966621399,40.0,4.0,0.07000000029802322,0.1599999964237213,0.11999999731779099,0.1622968167066574,1.191361427307129,286.493896484375,4.030548572540283,259.70989990234375,250.83499145507812,0.6016902327537537,3.0317492485046387,400.0,0.0962904411764705
20200117.0,1.409999966621399,40.0,4.0,0.07000000029802322,0.1599999964237213,0.11999999731779099,0.1622968167066574,1.191361427307129,267.8626708984375,6.736999034881592,243.74143981933594,228.82736206054688,0.004999688360840082,0.668635368347168,400.0,0.1116124999999999
20200119.0,1.409999966621399,40.0,4.0,0.07000000029802322,0.1599999964237213,0.11999999731779099,0.1622968167066574,1.191361427307129,273.66497802734375,6.737565994262695,252.55836486816406,243.745849609375,3.7468206882476807,0.49521490931510925,400.0,0.1457854166666666
20200122.0,1.409999966621399,40.0,4.0,0.07000000029802322,0.1599999964237213,0.11999999731779099,0.1622968167066574,1.191361427307129,263.7204895019531,6.738003730773926,251.62005615234375,241.3597869873047,0.0021459884010255337,0.29363563656806946,400.0,0.1431312499999999
20200125.0,1.409999966621399,40.0,4.0,0.07000000029802322,0.1599999964237213,0.11999999731779099,0.1622968167066574,1.191361427307129,272.49169921875,6.747929096221924,252.82752990722656,247.171142578125,21.825464248657227,0.0,400.0,0.1237604166666666
20200127.0,1.409999966621399,40.0,4.0,0.07000000029802322,0.1599999964237213,0.11999999731779099,0.1622968167066574,1.191361427307129,273.96673583984375,6.901234149932861,245.74598693847656,232.04360961914062,0.30337005853652954,0.5832337141036987,400.0,0.11985625
20200128.0,1.409999966621399,40.0,4.0,0.07000000029802322,0.1599999964237213,0.11999999731779099,0.1622968167066574,1.191361427307129,273.44769287109375,6.978089809417725,244.5853729248047,231.95533752441406,0.047993484884500504,0.5465561747550964,400.0,0.1154749999999999
20200130.0,1.409999966621399,40.0,4.0,0.07000000029802322,0.1599999964237213,0.11999999731779099,0.1622968167066574,1.191361427307129,269.8839111328125,7.139262676239014,247.78147888183594,237.5926055908203,0.0008523463038727641,0.2858617603778839,400.0,0.1124979166666666
20200202.0,1.409999966621399,40.0,4.0,0.07000000029802322,0.1599999964237213,0.11999999731779099,0.1622968167066574,1.191361427307129,273.64129638671875,7.369470119476318,246.35336303710938,234.79241943359375,1.3952430486679077,0.6607753038406372,400.0,0.1116374999999999
20200204.0,1.409999966621399,40.0,4.0,0.07000000029802322,0.1599999964237213,0.11999999731779099,0.1622968167066574,1.191361427307129,275.2237854003906,7.342057228088379,246.369384765625,234.9757080078125,0.03359817713499069,0.26205822825431824,400.0,0.1122458333333333
20200205.0,1.409999966621399,40.0,4.0,0.07000000029802322,0.1599999964237213,0.11999999731779099,0.1622968167066574,1.191361427307129,275.61456298828125,7.328357219696045,246.88424682617188,236.04461669921875,2.085761308670044,1.2334402799606323,400.0,0.1095229166666666
20200207.0,1.409999966621399,40.0,4.0,0.07000000029802322,0.1599999964237213,0.11999999731779099,0.1622968167066574,1.191361427307129,274.8462219238281,7.292990207672119,246.85134887695312,237.7947998046875,17.430545806884766,0.6420167088508606,400.0,0.12673125
20200210.0,1.409999966621399,40.0,4.0,0.07000000029802322,0.1599999964237213,0.11999999731779099,0.1622968167066574,1.191361427307129,274.8623962402344,7.240527153015137,246.84185791015625,238.34323120117188,7.105362415313721,0.3007590174674988,400.0,0.1180562499999999
20200212.0,1.409999966621399,40.0,4.0,0.07000000029802322,0.1599999964237213,0.11999999731779099,0.1622968167066574,1.191361427307129,275.4491882324219,7.201633453369141,244.7955780029297,231.09417724609375,0.011968213133513927,1.1382392644882202,400.0,0.1191541666666666
20200213.0,1.409999966621399,40.0,4.0,0.07000000029802322,0.1599999964237213,0.11999999731779099,0.1622968167066574,1.191361427307129,275.0320739746094,7.182198524475098,246.40914916992188,239.68374633789062,13.02312183380127,0.33871427178382874,400.0,0.1266916666666666
20200215.0,1.409999966621399,40.0,4.0,0.07000000029802322,0.1599999964237213,0.11999999731779099,0.1622968167066574,1.191361427307129,264.1037292480469,7.143124580383301,249.78834533691406,241.98593139648438,0.000858306884765625,0.4756314754486084,400.0,0.13558125
20200218.0,1.409999966621399,40.0,4.0,0.07000000029802322,0.1599999964237213,0.11999999731779099,0.1622968167066574,1.191361427307129,272.5870056152344,7.085885047912598,249.95126342773438,239.52203369140625,5.538328647613525,0.2055523544549942,400.0,0.1131624999999999
20200220.0,1.409999966621399,40.0,4.0,0.07000000029802322,0.1599999964237213,0.11999999731779099,0.1622968167066574,1.191361427307129,270.1678771972656,7.067234992980957,247.3942108154297,235.85931396484375,0.08205889165401459,0.48684510588645935,400.0,0.1155729166666666
20200221.0,1.409999966621399,40.0,4.0,0.07000000029802322,0.1599999964237213,0.11999999731779099,0.1622968167066574,1.191361427307129,268.4034423828125,7.057912826538086,252.5157928466797,239.38670349121094,0.0009499763255007565,0.35951530933380127,400.0,0.1117875
20200223.0,1.409999966621399,40.0,4.0,0.07000000029802322,0.1599999964237213,0.11999999731779099,0.1622968167066574,1.191361427307129,272.7782287597656,7.040027141571045,251.33438110351562,239.98484802246094,0.000852346362080425,0.4336504638195038,400.0,0.1215062499999999
20200226.0,1.409999966621399,40.0,4.0,0.07000000029802322,0.1599999964237213,0.11999999731779099,0.1622968167066574,1.191361427307129,276.88238525390625,7.015523910522461,250.03591918945312,239.24453735351562,1.5703036785125732,0.3438989222049713,400.0,0.1150375
20200228.0,1.409999966621399,40.0,4.0,0.07000000029802322,0.1599999964237213,0.11999999731779099,0.1622968167066574,1.191361427307129,272.0348815917969,7.035394191741943,244.03207397460938,229.97508239746094,0.00849214382469654,1.42935311794281,400.0,0.1208583333333332
20200229.0,1.409999966621399,40.0,4.0,0.07000000029802322,0.1599999964237213,0.11999999731779099,0.1622968167066574,1.191361427307129,269.6480407714844,7.045332908630371,247.33648681640625,238.00003051757812,0.2383735626935959,0.4471016228199005,400.0,0.1174374999999999
20200302.0,1.409999966621399,40.0,4.0,0.07000000029802322,0.1599999964237213,0.11999999731779099,0.1622968167066574,1.191361427307129,274.5100402832031,7.067043781280518,249.490478515625,238.33941650390625,0.35435813665390015,0.6049927473068237,400.0,0.1121770833333332
20200305.0,1.409999966621399,40.0,4.0,0.07000000029802322,0.1599999964237213,0.11999999731779099,0.1622968167066574,1.191361427307129,277.5355224609375,7.094367504119873,244.90480041503906,229.71669006347656,0.3363683819770813,1.383481502532959,400.0,0.1154687499999999
20200307.0,1.409999966621399,40.0,4.0,0.07000000029802322,0.1599999964237213,0.11999999731779099,0.1622968167066574,1.191361427307129,274.5601806640625,7.0355963706970215,244.13912963867188,231.23233032226562,0.4761244058609009,1.732424020767212,400.0,0.1133479166666666
20200308.0,1.409999966621399,40.0,4.0,0.07000000029802322,0.1599999964237213,0.11999999731779099,0.1622968167066574,1.191361427307129,275.1773681640625,7.0062408447265625,243.86709594726562,231.46499633789062,0.0008724297513253987,1.3459888696670532,400.0,0.11290625
20200310.0,1.409999966621399,40.0,4.0,0.07000000029802322,0.1599999964237213,0.11999999731779099,0.1622968167066574,1.191361427307129,282.5703125,6.9441046714782715,246.55250549316406,234.05874633789062,1.409654974937439,0.7456144094467163,400.0,0.1106187499999999
20200313.0,1.409999966621399,40.0,4.0,0.07000000029802322,0.1599999964237213,0.11999999731779099,0.1622968167066574,1.191361427307129,281.0777282714844,6.8535027503967285,251.21047973632812,242.2711944580078,7.367190837860107,1.0881956815719604,400.0,0.1157604166666666
20200315.0,1.409999966621399,40.0,4.0,0.07000000029802322,0.1599999964237213,0.11999999731779099,0.1622968167066574,1.191361427307129,277.7025451660156,6.824857234954834,247.2953643798828,232.90423583984375,0.035381533205509186,1.4934463500976562,400.0,0.1147291666666666
20200316.0,1.409999966621399,40.0,4.0,0.07000000029802322,0.1599999964237213,0.11999999731779099,0.1622968167066574,1.191361427307129,274.61065673828125,6.810542106628418,244.104736328125,227.92965698242188,0.00043609936255961657,1.3428912162780762,400.0,0.1139874999999999
20200318.0,1.409999966621399,40.0,4.0,0.07000000029802322,0.1599999964237213,0.11999999731779099,0.1622968167066574,1.191361427307129,278.2259826660156,6.783638954162598,244.77737426757812,229.31790161132812,0.0008551529026590288,1.3512060642242432,400.0,0.1128999999999999
20200321.0,1.409999966621399,40.0,4.0,0.07000000029802322,0.1599999964237213,0.11999999731779099,0.1622968167066574,1.191361427307129,280.3789367675781,6.73603630065918,248.33236694335938,235.90975952148438,0.0017155226087197661,1.7226728200912476,400.0,0.1193583333333333
20200323.0,1.409999966621399,40.0,4.0,0.07000000029802322,0.1599999964237213,0.11999999731779099,0.1622968167066574,1.191361427307129,274.0026550292969,6.596745014190674,246.05856323242188,230.896728515625,17.192115783691406,0.8516383171081543,400.0,0.1172604166666666
20200324.0,1.409999966621399,40.0,4.0,0.07000000029802322,0.1599999964237213,0.11999999731779099,0.1622968167066574,1.191361427307129,276.2530517578125,6.527268886566162,251.66064453125,242.87954711914062,1.1788896322250366,1.480201005935669,400.0,0.1314020833333333
20200326.0,1.409999966621399,40.0,4.0,0.07000000029802322,0.1599999964237213,0.11999999731779099,0.1622968167066574,1.191361427307129,277.5633239746094,6.3835601806640625,242.834228515625,228.48297119140625,0.00034368745400570333,1.3264877796173096,400.0,0.1213312499999999
20200329.0,1.409999966621399,40.0,4.0,0.07000000029802322,0.1599999964237213,0.11999999731779099,0.1622968167066574,1.191361427307129,279.8887634277344,6.177740573883057,250.6796112060547,239.45741271972656,18.633270263671875,1.0373921394348145,400.0,0.1289062499999999
20200331.0,1.409999966621399,40.0,4.0,0.07000000029802322,0.1599999964237213,0.11999999731779099,0.1622968167066574,1.191361427307129,278.0455322265625,6.167152404785156,249.67745971679688,238.15679931640625,5.461023330688477,1.596510887145996,400.0,0.1195520833333333
20200401.0,1.409999966621399,40.0,4.0,0.07000000029802322,0.1599999964237213,0.11999999731779099,0.1622968167066574,1.191361427307129,278.49603271484375,6.161859035491943,246.3036346435547,235.86248779296875,0.024501370266079903,1.6636377573013306,400.0,0.1181854166666666
20200403.0,1.409999966621399,40.0,4.0,0.07000000029802322,0.1599999964237213,0.11999999731779099,0.1622968167066574,1.191361427307129,278.5502014160156,6.1570658683776855,250.3387908935547,241.69442749023438,8.862066268920898,2.014531135559082,400.0,0.11554375
20200406.0,1.409999966621399,40.0,4.0,0.07000000029802322,0.1599999964237213,0.11999999731779099,0.1622968167066574,1.191361427307129,282.8806457519531,6.1444220542907715,248.41990661621094,235.58712768554688,0.03481803461909294,2.333120346069336,400.0,0.1141645833333332
20200408.0,1.409999966621399,40.0,4.0,0.07000000029802322,0.1599999964237213,0.11999999731779099,0.1622968167066574,1.191361427307129,282.9991760253906,6.062139511108398,254.19863891601562,243.09219360351562,3.716346502304077,1.8128398656845093,400.0,0.1156729166666666
20200409.0,1.409999966621399,40.0,4.0,0.07000000029802322,0.1599999964237213,0.11999999731779099,0.1622968167066574,1.191361427307129,279.3871765136719,6.021059036254883,250.19134521484375,240.74478149414062,17.099185943603516,1.9080744981765747,400.0,0.1195874999999999
20200411.0,1.409999966621399,40.0,4.0,0.07000000029802322,0.1599999964237213,0.11999999731779099,0.1622968167066574,1.191361427307129,278.24505615234375,5.935986518859863,243.87582397460938,230.28111267089844,0.008215514943003654,2.15201473236084,400.0,0.1197187499999999
20200414.0,1.409999966621399,40.0,4.0,0.07000000029802322,0.1599999964237213,0.11999999731779099,0.1622968167066574,1.191361427307129,282.634765625,5.804172515869141,251.65133666992188,239.69847106933594,0.1820080280303955,2.3250010013580322,400.0,0.1275187499999999
20200416.0,1.409999966621399,40.0,4.0,0.07000000029802322,0.1599999964237213,0.11999999731779099,0.1622968167066574,1.191361427307129,277.22808837890625,5.643430709838867,247.61239624023438,233.9942626953125,0.6137086153030396,2.3755643367767334,400.0,0.1193541666666666
20200417.0,1.409999966621399,40.0,4.0,0.07000000029802322,0.1599999964237213,0.11999999731779099,0.1622968167066574,1.191361427307129,276.2118225097656,5.563294887542725,243.68505859375,229.33538818359375,0.3650195598602295,2.1228787899017334,400.0,0.1277458333333332
20200419.0,1.409999966621399,40.0,4.0,0.07000000029802322,0.1599999964237213,0.11999999731779099,0.1622968167066574,1.191361427307129,277.546630859375,5.399957180023193,244.63949584960938,231.44540405273438,0.0,2.4934699535369873,400.0,0.1266354166666666
20200422.0,1.409999966621399,40.0,4.0,0.07000000029802322,0.1599999964237213,0.11999999731779099,0.1622968167066574,1.191361427307129,276.501953125,5.163957595825195,244.46212768554688,232.57473754882812,0.030517028644680977,2.8501081466674805,400.0,0.1201791666666666
20200424.0,1.409999966621399,40.0,4.0,0.07000000029802322,0.1599999964237213,0.11999999731779099,0.1622968167066574,1.191361427307129,278.28436279296875,5.119701862335205,250.5308837890625,240.38568115234375,11.784092903137207,1.5362980365753174,400.0,0.1200479166666666
20200425.0,1.409999966621399,40.0,4.0,0.07000000029802322,0.1599999964237213,0.11999999731779099,0.1622968167066574,1.191361427307129,281.2313232421875,5.097592830657959,250.04324340820312,240.268798828125,0.027455415576696396,2.315345048904419,400.0,0.1204875
20200427.0,1.409999966621399,40.0,4.0,0.07000000029802322,0.1599999964237213,0.11999999731779099,0.1622968167066574,1.191361427307129,276.8739013671875,5.058463096618652,249.8441162109375,239.33714294433594,8.754839897155762,2.838881254196167,400.0,0.1322354166666666
20200430.0,1.409999966621399,40.0,4.0,0.07000000029802322,0.1599999964237213,0.11999999731779099,0.1622968167066574,1.191361427307129,281.9330749511719,4.997252941131592,249.2117919921875,241.29635620117188,3.607163429260254,1.60989511013031,400.0,0.1229666666666666
20200503.0,1.409999966621399,40.0,4.0,0.07000000029802322,0.1599999964237213,0.11999999731779099,0.1622968167066574,1.191361427307129,288.6629638671875,4.888866901397705,253.7209930419922,244.83969116210938,0.29159411787986755,4.2316718101501465,400.0,0.1232041666666666
20200505.0,1.409999966621399,40.0,4.0,0.07000000029802322,0.1599999964237213,0.11999999731779099,0.1622968167066574,1.191361427307129,281.6950378417969,4.8159871101379395,249.24176025390625,234.7323455810547,0.0,3.807528257369995,400.0,0.1479854166666666
20200508.0,1.409999966621399,40.0,4.0,0.07000000029802322,0.1599999964237213,0.11999999731779099,0.1622968167066574,1.191361427307129,281.5732727050781,4.693592071533203,250.425537109375,238.74908447265625,2.891679525375366,2.6782126426696777,400.0,0.11751875
20200510.0,1.409999966621399,40.0,4.0,0.07000000029802322,0.1599999964237213,0.11999999731779099,0.1622968167066574,1.191361427307129,279.10101318359375,4.409873962402344,249.70639038085938,238.11105346679688,0.01819397322833538,3.481781244277954,400.0,0.1227729166666666
20200511.0,1.409999966621399,40.0,4.0,0.07000000029802322,0.1599999964237213,0.11999999731779099,0.1622968167066574,1.191361427307129,282.1319580078125,4.268792629241943,249.39596557617188,237.6966094970703,4.1243696212768555,2.7732622623443604,400.0,0.1210541666666666
20200513.0,1.409999966621399,40.0,4.0,0.07000000029802322,0.1599999964237213,0.11999999731779099,0.1622968167066574,1.191361427307129,280.1753845214844,3.97967791557312,247.87632751464844,234.9833984375,0.0,4.063638687133789,400.0,0.1203583333333333
20200516.0,1.409999966621399,40.0,4.0,0.07000000029802322,0.1599999964237213,0.11999999731779099,0.1622968167066574,1.191361427307129,289.88592529296875,3.544367551803589,259.40533447265625,247.887939453125,15.150456428527832,4.608848571777344,400.0,0.1214291666666666
20200518.0,1.409999966621399,40.0,4.0,0.07000000029802322,0.1599999964237213,0.11999999731779099,0.1622968167066574,1.191361427307129,287.35137939453125,3.157613754272461,258.13995361328125,246.0247039794922,0.06531597673892975,2.054288387298584,400.0,0.1192354166666666
20200519.0,1.409999966621399,40.0,4.0,0.07000000029802322,0.1599999964237213,0.11999999731779099,0.1622968167066574,1.191361427307129,286.8706970214844,2.965780258178711,255.27041625976562,245.2449951171875,0.011250678449869156,4.723190784454346,400.0,0.1185854166666666
20200521.0,1.409999966621399,40.0,4.0,0.07000000029802322,0.1599999964237213,0.11999999731779099,0.1622968167066574,1.191361427307129,285.2458801269531,2.5799078941345215,254.38906860351562,243.25723266601562,0.0,4.608120441436768,400.0,0.1175604166666666
20200524.0,1.409999966621399,40.0,4.0,0.07000000029802322,0.1599999964237213,0.11999999731779099,0.1622968167066574,1.191361427307129,286.7830810546875,2.0311472415924072,260.19482421875,249.81057739257812,0.00086229108273983,4.776769161224365,400.0,0.1163041666666666
20200526.0,1.409999966621399,40.0,4.0,0.07000000029802322,0.1599999964237213,0.11999999731779099,0.1622968167066574,1.191361427307129,292.1094665527344,1.995845079421997,262.23834228515625,253.33535766601562,0.0037469665985554457,4.243589878082275,400.0,0.1144416666666666
20200527.0,1.409999966621399,40.0,4.0,0.07000000029802322,0.1599999964237213,0.11999999731779099,0.1622968167066574,1.191361427307129,293.2555236816406,1.9782075881958008,264.9166564941406,256.0265197753906,0.006649056449532509,3.9019064903259277,400.0,0.1175166666666666
20200529.0,1.409999966621399,40.0,4.0,0.07000000029802322,0.1599999964237213,0.11999999731779099,0.1622968167066574,1.191361427307129,294.0760803222656,1.9574373960494995,267.7373046875,259.0071716308594,3.5044925212860107,2.4726574420928955,400.0,0.1185416666666666
20200601.0,1.409999966621399,40.0,4.0,0.07000000029802322,0.1599999964237213,0.11999999731779099,0.1622968167066574,1.191361427307129,285.11859130859375,1.9238110780715942,260.32379150390625,251.79164123535156,0.6060352921485901,4.464151382446289,400.0,0.1452625
20200603.0,1.409999966621399,40.0,4.0,0.07000000029802322,0.1599999964237213,0.11999999731779099,0.1622968167066574,1.191361427307129,291.010009765625,1.8855276107788086,265.8704833984375,255.1409912109375,2.625931739807129,3.2899420261383057,400.0,0.1366062499999999
20200604.0,1.409999966621399,40.0,4.0,0.07000000029802322,0.1599999964237213,0.11999999731779099,0.1622968167066574,1.191361427307129,294.1200866699219,1.8664026260375977,268.98199462890625,260.2223205566406,0.002225175267085433,5.13254451751709,400.0,0.11000625
20200606.0,1.409999966621399,40.0,4.0,0.07000000029802322,0.1599999964237213,0.11999999731779099,0.1622968167066574,1.191361427307129,295.7520446777344,1.8273025751113892,268.9425354003906,258.5516662597656,0.29480552673339844,5.228268623352051,400.0,0.1253374999999999
20200609.0,1.409999966621399,40.0,4.0,0.07000000029802322,0.1599999964237213,0.11999999731779099,0.1622968167066574,1.191361427307129,292.76239013671875,1.772896647453308,271.6629943847656,259.5270080566406,0.0008523463038727641,5.049276351928711,400.0,0.0878187499999999
20200611.0,1.409999966621399,40.0,4.0,0.07000000029802322,0.1599999964237213,0.11999999731779099,0.1622968167066574,1.191361427307129,295.7872619628906,1.7983862161636353,270.464111328125,260.7403869628906,8.627497673034668,3.0982933044433594,400.0,0.1043104166666666
20200612.0,1.409999966621399,40.0,4.0,0.07000000029802322,0.1599999964237213,0.11999999731779099,0.1622968167066574,1.191361427307129,294.3862609863281,1.811138391494751,268.5718078613281,259.9906005859375,0.034454915672540665,5.32039213180542,400.0,0.1294791666666666
20200614.0,1.409999966621399,40.0,4.0,0.07000000029802322,0.1599999964237213,0.11999999731779099,0.1622968167066574,1.191361427307129,287.8064270019531,1.839537501335144,263.6485595703125,254.47885131835938,0.000852346362080425,4.896961688995361,400.0,0.1104124999999999
20200617.0,1.409999966621399,40.0,4.0,0.07000000029802322,0.1599999964237213,0.11999999731779099,0.1622968167066574,1.191361427307129,293.8912353515625,1.878544569015503,267.77044677734375,258.30755615234375,0.0025806729681789875,4.766930103302002,400.0,0.0872020833333332
20200619.0,1.409999966621399,40.0,4.0,0.07000000029802322,0.1599999964237213,0.11999999731779099,0.1622968167066574,1.191361427307129,296.3435974121094,1.8537921905517578,269.43353271484375,264.9989318847656,0.13643163442611694,3.73879075050354,400.0,0.0770708333333333
20200620.0,1.409999966621399,40.0,4.0,0.07000000029802322,0.1599999964237213,0.11999999731779099,0.1622968167066574,1.191361427307129,297.40789794921875,1.8414229154586792,271.412353515625,265.4860534667969,0.28928342461586,3.767442226409912,400.0,0.0714791666666666
20200622.0,1.409999966621399,40.0,4.0,0.07000000029802322,0.1599999964237213,0.11999999731779099,0.1622968167066574,1.191361427307129,299.7942199707031,1.8144413232803345,273.5319519042969,264.5069580078125,0.0135363033041358,3.811124563217163,400.0,0.0635187499999999
20200625.0,1.409999966621399,40.0,4.0,0.07000000029802322,0.1599999964237213,0.11999999731779099,0.1622968167066574,1.191361427307129,295.7279052734375,1.7746633291244507,270.2310485839844,261.4395751953125,0.0025743204168975353,4.2855377197265625,400.0,0.0785062499999999
20200627.0,1.409999966621399,40.0,4.0,0.07000000029802322,0.1599999964237213,0.11999999731779099,0.1622968167066574,1.191361427307129,292.9175720214844,1.7546566724777222,269.6553955078125,262.2308349609375,18.049659729003906,2.052906036376953,400.0,0.066875
20200628.0,1.409999966621399,40.0,4.0,0.07000000029802322,0.1599999964237213,0.11999999731779099,0.1622968167066574,1.191361427307129,294.37945556640625,1.7446577548980713,269.40704345703125,261.4381408691406,4.754677772521973,3.848809242248535,400.0,0.0977770833333333
20200630.0,1.409999966621399,40.0,4.0,0.07000000029802322,0.1599999964237213,0.11999999731779099,0.1622968167066574,1.191361427307129,292.64288330078125,1.724944829940796,268.71112060546875,259.438232421875,8.287773132324219,2.9627318382263184,400.0,0.0794270833333333
20200703.0,1.409999966621399,40.0,4.0,0.07000000029802322,0.1599999964237213,0.11999999731779099,0.1622968167066574,1.191361427307129,297.5258483886719,1.6956061124801636,269.70294189453125,260.8546142578125,9.250520706176758,3.7096757888793945,400.0,0.0808208333333333
20200705.0,1.409999966621399,40.0,4.0,0.07000000029802322,0.1599999964237213,0.11999999731779099,0.1622968167066574,1.191361427307129,297.78045654296875,1.6796438694000244,269.4252014160156,258.44818115234375,0.0028270073235034943,5.634726047515869,400.0,0.0669083333333333
20200706.0,1.409999966621399,40.0,4.0,0.07000000029802322,0.1599999964237213,0.11999999731779099,0.1622968167066574,1.191361427307129,298.32220458984375,1.6716660261154175,270.64923095703125,263.62298583984375,0.06980258226394653,5.2170000076293945,400.0,0.0603229166666666
20200708.0,1.409999966621399,40.0,4.0,0.07000000029802322,0.1599999964237213,0.11999999731779099,0.1622968167066574,1.191361427307129,296.8073425292969,1.6556919813156128,272.2683410644531,264.7073974609375,1.8516566753387451,2.56880259513855,400.0,0.05593125
20200711.0,1.409999966621399,40.0,4.0,0.07000000029802322,0.1599999964237213,0.11999999731779099,0.1622968167066574,1.191361427307129,297.2560729980469,1.6321829557418823,270.40130615234375,261.41192626953125,12.01026439666748,5.194157600402832,400.0,0.0548791666666666
20200713.0,1.409999966621399,40.0,4.0,0.07000000029802322,0.1599999964237213,0.11999999731779099,0.1622968167066574,1.191361427307129,297.40887451171875,1.6829190254211426,270.402587890625,260.6673278808594,0.41847923398017883,5.368637561798096,400.0,0.0537083333333333
20200714.0,1.409999966621399,40.0,4.0,0.07000000029802322,0.1599999964237213,0.11999999731779099,0.1622968167066574,1.191361427307129,296.112548828125,1.7083160877227783,270.94110107421875,260.443359375,0.4358777403831482,4.746623516082764,400.0,0.0522208333333333
20200716.0,1.409999966621399,40.0,4.0,0.07000000029802322,0.1599999964237213,0.11999999731779099,0.1622968167066574,1.191361427307129,295.5406799316406,1.759229063987732,273.1544494628906,262.5379638671875,0.6206372976303101,3.975628614425659,400.0,0.0506541666666666
20200719.0,1.409999966621399,40.0,4.0,0.07000000029802322,0.1599999964237213,0.11999999731779099,0.1622968167066574,1.191361427307129,299.77264404296875,1.8344054222106934,276.0606689453125,266.44775390625,0.0,4.864028453826904,400.0,0.0491270833333333
20200721.0,1.409999966621399,40.0,4.0,0.07000000029802322,0.1599999964237213,0.11999999731779099,0.1622968167066574,1.191361427307129,299.40521240234375,1.8643689155578613,272.74798583984375,264.51922607421875,0.000858306884765625,3.9520585536956787,400.0,0.0486999999999999
20200722.0,1.409999966621399,40.0,4.0,0.07000000029802322,0.1599999964237213,0.11999999731779099,0.1622968167066574,1.191361427307129,299.7569885253906,1.8793606758117676,275.1164855957031,265.78594970703125,3.59748911857605,3.7941603660583496,400.0,0.0480708333333333
20200724.0,1.409999966621399,40.0,4.0,0.07000000029802322,0.1599999964237213,0.11999999731779099,0.1622968167066574,1.191361427307129,297.9218444824219,1.9087332487106323,270.01678466796875,260.246337890625,0.2909586727619171,4.31639289855957,400.0,0.0760666666666666
20200727.0,1.409999966621399,40.0,4.0,0.07000000029802322,0.1599999964237213,0.11999999731779099,0.1622968167066574,1.191361427307129,300.86419677734375,1.9469974040985107,272.40411376953125,264.3792724609375,0.000858306884765625,3.89322566986084,400.0,0.0701666666666666
20200729.0,1.409999966621399,40.0,4.0,0.07000000029802322,0.1599999964237213,0.11999999731779099,0.1622968167066574,1.191361427307129,298.9041442871094,1.8830296993255615,273.4832763671875,264.2395324707031,0.0012993812561035156,3.5908968448638916,400.0,0.0616624999999999
20200730.0,1.409999966621399,40.0,4.0,0.07000000029802322,0.1599999964237213,0.11999999731779099,0.1622968167066574,1.191361427307129,298.9904479980469,1.851091980934143,274.0655822753906,268.1774597167969,2.1972217559814453,3.3564677238464355,400.0,0.0586854166666666
20200801.0,1.409999966621399,40.0,4.0,0.07000000029802322,0.1599999964237213,0.11999999731779099,0.1622968167066574,1.191361427307129,298.8186950683594,1.7832030057907104,272.63897705078125,265.17156982421875,0.0012858062982559204,3.224989175796509,400.0,0.0539145833333332
20200804.0,1.409999966621399,40.0,4.0,0.07000000029802322,0.1599999964237213,0.11999999731779099,0.1622968167066574,1.191361427307129,295.34027099609375,1.6858206987380981,268.09088134765625,258.60992431640625,43.745906829833984,2.7574381828308105,400.0,0.0748833333333333
20200806.0,1.409999966621399,40.0,4.0,0.07000000029802322,0.1599999964237213,0.11999999731779099,0.1622968167066574,1.191361427307129,293.8827209472656,1.6783556938171387,266.91412353515625,259.4854736328125,0.0035194684751331806,4.436439514160156,400.0,0.0882708333333333
20200807.0,1.409999966621399,40.0,4.0,0.07000000029802322,0.1599999964237213,0.11999999731779099,0.1622968167066574,1.191361427307129,294.8962707519531,1.6746236085891724,269.55078125,260.3474426269531,1.55242121219635,3.9185142517089844,400.0,0.0805145833333333
20200809.0,1.409999966621399,40.0,4.0,0.07000000029802322,0.1599999964237213,0.11999999731779099,0.1622968167066574,1.191361427307129,297.7657775878906,1.6696221828460693,271.2701416015625,260.4027099609375,0.03113109990954399,4.457245826721191,400.0,0.0692770833333333
20200812.0,1.409999966621399,40.0,4.0,0.07000000029802322,0.1599999964237213,0.11999999731779099,0.1622968167066574,1.191361427307129,299.566650390625,1.6634618043899536,270.763916015625,262.5787353515625,0.5841581225395203,4.013115406036377,400.0,0.0890354166666665
20200814.0,1.409999966621399,40.0,4.0,0.07000000029802322,0.1599999964237213,0.11999999731779099,0.1622968167066574,1.191361427307129,297.3486022949219,1.6834335327148438,269.2253112792969,261.4017639160156,0.001794731360860169,3.3623030185699463,400.0,0.0730499999999999
20200815.0,1.409999966621399,40.0,4.0,0.07000000029802322,0.1599999964237213,0.11999999731779099,0.1622968167066574,1.191361427307129,297.46209716796875,1.6934233903884888,273.52777099609375,263.0511779785156,0.008670475333929062,3.214789867401123,400.0,0.0649999999999999
20200817.0,1.409999966621399,40.0,4.0,0.07000000029802322,0.1599999964237213,0.11999999731779099,0.1622968167066574,1.191361427307129,294.6017150878906,1.7146919965744019,269.12933349609375,262.294189453125,0.5725511908531189,2.751720905303955,400.0,0.0573499999999999
20200820.0,1.409999966621399,40.0,4.0,0.07000000029802322,0.1599999964237213,0.11999999731779099,0.1622968167066574,1.191361427307129,292.7392272949219,1.7459779977798462,267.36236572265625,259.81060791015625,0.0025605277623981237,3.1705074310302734,400.0,0.0696104166666666
20200822.0,1.409999966621399,40.0,4.0,0.07000000029802322,0.1599999964237213,0.11999999731779099,0.1622968167066574,1.191361427307129,298.01812744140625,1.68827223777771,271.3968505859375,265.25006103515625,0.09470909833908081,2.532484769821167,400.0,0.0562208333333333
20200823.0,1.409999966621399,40.0,4.0,0.07000000029802322,0.1599999964237213,0.11999999731779099,0.1622968167066574,1.191361427307129,298.2760314941406,1.6594568490982056,272.2513427734375,265.3961181640625,1.6654940843582153,2.690188407897949,400.0,0.0528437499999999
20200825.0,1.409999966621399,40.0,4.0,0.07000000029802322,0.1599999964237213,0.11999999731779099,0.1622968167066574,1.191361427307129,298.61669921875,1.6015366315841675,272.96600341796875,266.1348876953125,0.17114803194999695,2.385460376739502,400.0,0.0527333333333333
20200828.0,1.409999966621399,40.0,4.0,0.07000000029802322,0.1599999964237213,0.11999999731779099,0.1622968167066574,1.191361427307129,295.6947021484375,1.5230505466461182,266.330810546875,258.88592529296875,0.1817445307970047,2.819777250289917,400.0,0.1016916666666666
20200830.0,1.409999966621399,40.0,4.0,0.07000000029802322,0.1599999964237213,0.11999999731779099,0.1622968167066574,1.191361427307129,293.6669006347656,1.5947375297546387,266.4095764160156,257.947509765625,0.15524286031723022,3.7841248512268066,400.0,0.1043499999999999
20200831.0,1.409999966621399,40.0,4.0,0.07000000029802322,0.1599999964237213,0.11999999731779099,0.1622968167066574,1.191361427307129,291.22607421875,1.6306397914886475,263.244873046875,253.59402465820312,0.0008523463038727641,2.6820998191833496,400.0,0.0955604166666665
20200902.0,1.409999966621399,40.0,4.0,0.07000000029802322,0.1599999964237213,0.11999999731779099,0.1622968167066574,1.191361427307129,292.8304443359375,1.7079520225524902,267.15814208984375,257.939208984375,12.677512168884277,1.6729464530944824,400.0,0.0898437499999999
20200905.0,1.409999966621399,40.0,4.0,0.07000000029802322,0.1599999964237213,0.11999999731779099,0.1622968167066574,1.191361427307129,292.4481201171875,1.8261783123016357,263.85186767578125,255.86346435546875,0.001709243399091065,3.2684974670410156,400.0,0.1013270833333333
20200907.0,1.409999966621399,40.0,4.0,0.07000000029802322,0.1599999964237213,0.11999999731779099,0.1622968167066574,1.191361427307129,294.0812072753906,1.9426171779632568,267.6894836425781,258.66961669921875,0.000858306884765625,3.0314815044403076,400.0,0.0898999999999999
20200908.0,1.409999966621399,40.0,4.0,0.07000000029802322,0.1599999964237213,0.11999999731779099,0.1622968167066574,1.191361427307129,295.3900146484375,2.0009891986846924,269.1022644042969,260.14324951171875,0.00043511379044502974,2.7358295917510986,400.0,0.0851479166666666
20200910.0,1.409999966621399,40.0,4.0,0.07000000029802322,0.1599999964237213,0.11999999731779099,0.1622968167066574,1.191361427307129,295.5619812011719,2.1201834678649902,271.04168701171875,261.1070251464844,3.325636386871338,1.4156205654144287,400.0,0.07795
20200913.0,1.409999966621399,40.0,4.0,0.07000000029802322,0.1599999964237213,0.11999999731779099,0.1622968167066574,1.191361427307129,291.06488037109375,2.2885937690734863,263.87139892578125,257.8756103515625,1.1116187572479248,1.9900232553482056,400.0,0.0703583333333333
20200915.0,1.409999966621399,40.0,4.0,0.07000000029802322,0.1599999964237213,0.11999999731779099,0.1622968167066574,1.191361427307129,288.426025390625,2.235077142715454,263.4749450683594,255.60348510742188,0.0008523463038727641,2.562971830368042,400.0,0.0651749999999999
20200916.0,1.409999966621399,40.0,4.0,0.07000000029802322,0.1599999964237213,0.11999999731779099,0.1622968167066574,1.191361427307129,289.4095153808594,2.208350419998169,265.06005859375,258.02569580078125,0.0,2.403473138809204,400.0,0.0637812499999999
20200918.0,1.409999966621399,40.0,4.0,0.07000000029802322,0.1599999964237213,0.11999999731779099,0.1622968167066574,1.191361427307129,289.37738037109375,2.147064685821533,267.29107666015625,257.89208984375,0.4765462577342987,1.8860845565795898,400.0,0.0606229166666666
20200921.0,1.409999966621399,40.0,4.0,0.07000000029802322,0.1599999964237213,0.11999999731779099,0.1622968167066574,1.191361427307129,284.9547119140625,2.0693154335021973,260.8990783691406,253.68191528320312,0.00042319289059378207,1.718773365020752,400.0,0.0565687499999999
20200923.0,1.409999966621399,40.0,4.0,0.07000000029802322,0.1599999964237213,0.11999999731779099,0.1622968167066574,1.191361427307129,289.79901123046875,2.2178735733032227,263.93011474609375,254.9584197998047,0.0003381652932148427,1.3604810237884521,400.0,0.0542958333333332
20200924.0,1.409999966621399,40.0,4.0,0.07000000029802322,0.1599999964237213,0.11999999731779099,0.1622968167066574,1.191361427307129,290.0661315917969,2.292396306991577,268.2822265625,259.64544677734375,0.0,1.1108969449996948,400.0,0.0535541666666666
20200926.0,1.409999966621399,40.0,4.0,0.07000000029802322,0.1599999964237213,0.11999999731779099,0.1622968167066574,1.191361427307129,292.4053039550781,2.4507246017456055,269.362060546875,261.11163330078125,0.024426011368632317,0.8896961212158203,400.0,0.0515666666666666
20200929.0,1.409999966621399,40.0,4.0,0.07000000029802322,0.1599999964237213,0.11999999731779099,0.1622968167066574,1.191361427307129,292.5569152832031,2.689023733139038,269.64453125,261.7008972167969,3.52667498588562,0.9951319694519043,400.0,0.0620895833333332
20201001.0,1.409999966621399,40.0,4.0,0.07000000029802322,0.1599999964237213,0.11999999731779099,0.1622968167066574,1.191361427307129,289.58038330078125,2.898808717727661,261.1400146484375,251.14950561523438,0.0015995439607650042,2.2743964195251465,400.0,0.1109416666666666
20201002.0,1.409999966621399,40.0,4.0,0.07000000029802322,0.1599999964237213,0.11999999731779099,0.1622968167066574,1.191361427307129,286.95440673828125,3.004169464111328,262.75762939453125,255.25546264648438,5.480371952056885,2.292299747467041,400.0,0.1076958333333333
20201004.0,1.409999966621399,40.0,4.0,0.07000000029802322,0.1599999964237213,0.11999999731779099,0.1622968167066574,1.191361427307129,284.7646484375,3.2155168056488037,257.72906494140625,247.0887908935547,7.298508080566535e-06,1.8525137901306152,400.0,0.1030249999999999
20201007.0,1.409999966621399,40.0,4.0,0.07000000029802322,0.1599999964237213,0.11999999731779099,0.1622968167066574,1.191361427307129,288.3987121582031,3.5419394969940186,261.74993896484375,250.29855346679688,0.5120798349380493,1.9476414918899536,400.0,0.0941749999999999
20201009.0,1.409999966621399,40.0,4.0,0.07000000029802322,0.1599999964237213,0.11999999731779099,0.1622968167066574,1.191361427307129,284.8153991699219,3.868670701980591,257.85369873046875,247.577392578125,0.00495173642411828,1.3707717657089233,400.0,0.0888812499999999
20201010.0,1.409999966621399,40.0,4.0,0.07000000029802322,0.1599999964237213,0.11999999731779099,0.1622968167066574,1.191361427307129,289.2528381347656,4.033116340637207,264.1483154296875,252.533203125,0.0,1.689302682876587,400.0,0.0867145833333332
20201012.0,1.409999966621399,40.0,4.0,0.07000000029802322,0.1599999964237213,0.11999999731779099,0.1622968167066574,1.191361427307129,284.4803161621094,4.36954402923584,259.0177001953125,252.3468017578125,1.1038875579833984,1.3455003499984741,400.0,0.0827229166666666
20201015.0,1.409999966621399,40.0,4.0,0.07000000029802322,0.1599999964237213,0.11999999731779099,0.1622968167066574,1.191361427307129,285.6408996582031,4.866518974304199,256.835205078125,248.7506103515625,0.0,1.437252402305603,400.0,0.1026895833333333
20201017.0,1.409999966621399,40.0,4.0,0.07000000029802322,0.1599999964237213,0.11999999731779099,0.1622968167066574,1.191361427307129,282.588623046875,5.007633686065674,257.59283447265625,247.79116821289062,3.611319065093994,3.145118236541748,400.0,0.12014375
20201018.0,1.409999966621399,40.0,4.0,0.07000000029802322,0.1599999964237213,0.11999999731779099,0.1622968167066574,1.191361427307129,280.568115234375,5.078380107879639,253.31484985351562,243.9254150390625,0.0,1.4327067136764526,400.0,0.1138166666666666
20201020.0,1.409999966621399,40.0,4.0,0.07000000029802322,0.1599999964237213,0.11999999731779099,0.1622968167066574,1.191361427307129,287.5202331542969,5.212345600128174,260.0098876953125,248.58718872070312,0.43409520387649536,0.7210816144943237,400.0,0.1063854166666666
20201023.0,1.409999966621399,40.0,4.0,0.07000000029802322,0.1599999964237213,0.11999999731779099,0.1622968167066574,1.191361427307129,289.8056945800781,5.399799823760986,260.8686218261719,251.08045959472656,0.6449661254882812,0.5046212077140808,400.0,0.1007312499999999
20201025.0,1.409999966621399,40.0,4.0,0.07000000029802322,0.1599999964237213,0.11999999731779099,0.1622968167066574,1.191361427307129,281.4955749511719,5.295759677886963,256.67095947265625,246.5284423828125,0.0012830605264753103,1.5774847269058228,400.0,0.0978874999999999
20201026.0,1.409999966621399,40.0,4.0,0.07000000029802322,0.1599999964237213,0.11999999731779099,0.1622968167066574,1.191361427307129,282.0766296386719,5.243840217590332,257.12652587890625,249.23333740234375,0.4156931936740875,0.606804370880127,400.0,0.1008145833333333
20201028.0,1.409999966621399,40.0,4.0,0.07000000029802322,0.1599999964237213,0.11999999731779099,0.1622968167066574,1.191361427307129,282.26483154296875,5.129552364349365,256.5599365234375,248.6696319580078,5.752724647521973,1.0133129358291626,400.0,0.1080854166666666
20201031.0,1.409999966621399,40.0,4.0,0.07000000029802322,0.1599999964237213,0.11999999731779099,0.1622968167066574,1.191361427307129,274.020263671875,4.972860813140869,248.98402404785156,234.8720703125,0.0008523463038727641,1.2410084009170532,400.0,0.13036875
20201102.0,1.409999966621399,40.0,4.0,0.07000000029802322,0.1599999964237213,0.11999999731779099,0.1622968167066574,1.191361427307129,277.03814697265625,5.066939353942871,252.194091796875,244.14016723632812,0.3727737367153168,2.0623273849487305,400.0,0.1338729166666666
20201103.0,1.409999966621399,40.0,4.0,0.07000000029802322,0.1599999964237213,0.11999999731779099,0.1622968167066574,1.191361427307129,277.7451477050781,5.114062309265137,251.9521484375,241.40264892578125,0.14433079957962036,1.3761167526245117,400.0,0.1290958333333333
20201105.0,1.409999966621399,40.0,4.0,0.07000000029802322,0.1599999964237213,0.11999999731779099,0.1622968167066574,1.191361427307129,282.9641418457031,5.217260837554932,250.70391845703125,240.01429748535156,0.0,1.1627917289733887,400.0,0.12441875
20201108.0,1.409999966621399,40.0,4.0,0.07000000029802322,0.1599999964237213,0.11999999731779099,0.1622968167066574,1.191361427307129,284.7449951171875,5.371723175048828,250.21412658691406,240.04379272460938,0.0,1.0608645677566528,400.0,0.1221916666666666
20201110.0,1.409999966621399,40.0,4.0,0.07000000029802322,0.1599999964237213,0.11999999731779099,0.1622968167066574,1.191361427307129,285.8692321777344,5.482059001922607,252.7266845703125,241.1873779296875,0.0017123355064541101,0.8097600340843201,400.0,0.1217812499999999
20201111.0,1.409999966621399,40.0,4.0,0.07000000029802322,0.1599999964237213,0.11999999731779099,0.1622968167066574,1.191361427307129,288.6127014160156,5.53734016418457,255.9639892578125,245.40780639648438,7.8034257888793945,0.09888938814401627,400.0,0.1219312499999999
20201113.0,1.409999966621399,40.0,4.0,0.07000000029802322,0.1599999964237213,0.11999999731779099,0.1622968167066574,1.191361427307129,280.6846618652344,5.648437976837158,254.40298461914062,244.62033081054688,1.768953800201416,0.9143099784851074,400.0,0.1359020833333333
20201116.0,1.409999966621399,40.0,4.0,0.07000000029802322,0.1599999964237213,0.11999999731779099,0.1622968167066574,1.191361427307129,280.97613525390625,5.808630466461182,251.5067138671875,241.94943237304688,10.88704776763916,1.829724669456482,400.0,0.1419895833333332
20201118.0,1.409999966621399,40.0,4.0,0.07000000029802322,0.1599999964237213,0.11999999731779099,0.1622968167066574,1.191361427307129,273.2281494140625,5.809638023376465,247.9076690673828,234.93655395507812,0.009487503208220005,1.2867182493209839,400.0,0.132975
20201119.0,1.409999966621399,40.0,4.0,0.07000000029802322,0.1599999964237213,0.11999999731779099,0.1622968167066574,1.191361427307129,271.6377868652344,5.810141563415527,245.15748596191406,232.284423828125,0.0,0.948616623878479,400.0,0.1316147058823529
20201226.0,1.409999966621399,40.0,4.0,0.07000000029802322,0.1599999964237213,0.11999999731779099,0.1622968167066574,1.191361427307129,272.0916442871094,7.080417156219482,238.74900817871094,223.567626953125,0.6085391640663147,1.0849928855895996,400.0,0.1565562499999999
20201228.0,1.409999966621399,40.0,4.0,0.07000000029802322,0.1599999964237213,0.11999999731779099,0.1622968167066574,1.191361427307129,273.6044006347656,7.21702766418457,247.23971557617188,237.88088989257812,0.2250567376613617,0.41314831376075745,400.0,0.1454729166666666
20201229.0,1.409999966621399,40.0,4.0,0.07000000029802322,0.1599999964237213,0.11999999731779099,0.1622968167066574,1.191361427307129,272.8851623535156,7.286437511444092,242.9760284423828,232.21942138671875,0.45605456829071045,0.6735547184944153,400.0,0.1447416666666666
20201231.0,1.409999966621399,40.0,4.0,0.07000000029802322,0.1599999964237213,0.11999999731779099,0.1622968167066574,1.191361427307129,275.2667236328125,7.4307451248168945,244.6073455810547,236.18853759765625,4.77736759185791,0.7988622188568115,400.0,0.1506104166666666
20210103.0,1.409999966621399,40.0,4.0,0.07000000029802322,0.1599999964237213,0.11999999731779099,0.1622968167066574,1.191361427307129,271.61956787109375,7.2599029541015625,243.77093505859375,232.08026123046875,4.878224849700928,0.2625439763069153,400.0,0.1552666666666666
20210105.0,1.409999966621399,40.0,4.0,0.07000000029802322,0.1599999964237213,0.11999999731779099,0.1622968167066574,1.191361427307129,272.3424377441406,7.0498151779174805,250.77450561523438,240.53305053710938,0.20874768495559692,0.318290650844574,400.0,0.1487708333333333
20210106.0,1.409999966621399,40.0,4.0,0.07000000029802322,0.1599999964237213,0.11999999731779099,0.1622968167066574,1.191361427307129,271.8270568847656,6.941651821136475,247.55657958984375,237.16372680664062,0.009303567931056023,0.7197409868240356,400.0,0.1490083333333333
20210108.0,1.409999966621399,40.0,4.0,0.07000000029802322,0.1599999964237213,0.11999999731779099,0.1622968167066574,1.191361427307129,270.8802795410156,6.717985153198242,246.20712280273438,235.00100708007812,0.000858306884765625,0.7994393110275269,400.0,0.1454583333333333
20210111.0,1.409999966621399,40.0,4.0,0.07000000029802322,0.1599999964237213,0.11999999731779099,0.1622968167066574,1.191361427307129,268.4285888671875,6.661423683166504,252.6451416015625,242.76536560058594,0.03619915619492531,0.20429867506027222,400.0,0.1418708333333333
20210113.0,1.409999966621399,40.0,4.0,0.07000000029802322,0.1599999964237213,0.11999999731779099,0.1622968167066574,1.191361427307129,269.8834228515625,6.69326639175415,252.75833129882812,243.5687255859375,0.007954386994242668,0.1753949075937271,400.0,0.1418020833333333
20210114.0,1.409999966621399,40.0,4.0,0.07000000029802322,0.1599999964237213,0.11999999731779099,0.1622968167066574,1.191361427307129,273.0824890136719,6.7097487449646,253.02151489257812,244.40640258789062,1.2334094047546387,0.1475822478532791,400.0,0.1417666666666666
20210116.0,1.409999966621399,40.0,4.0,0.07000000029802322,0.1599999964237213,0.11999999731779099,0.1622968167066574,1.191361427307129,275.3292541503906,6.724923133850098,240.783935546875,231.5816650390625,16.300926208496094,0.3650340437889099,400.0,0.1633979166666666
20210119.0,1.409999966621399,40.0,4.0,0.07000000029802322,0.1599999964237213,0.11999999731779099,0.1622968167066574,1.191361427307129,271.5381774902344,7.360239028930664,245.22970581054688,232.373046875,0.18788494169712067,0.5701038837432861,400.0,0.1492020833333333
20210121.0,1.409999966621399,40.0,4.0,0.07000000029802322,0.1599999964237213,0.11999999731779099,0.1622968167066574,1.191361427307129,269.1558837890625,7.94508695602417,247.39047241210938,237.22137451171875,0.11506117880344391,0.3473418653011322,400.0,0.1459624999999999
20210122.0,1.409999966621399,40.0,4.0,0.07000000029802322,0.1599999964237213,0.11999999731779099,0.1622968167066574,1.191361427307129,271.767333984375,8.244970321655273,250.7828826904297,239.7530517578125,0.31250953674316406,0.31219857931137085,400.0,0.1451
20210124.0,1.409999966621399,40.0,4.0,0.07000000029802322,0.1599999964237213,0.11999999731779099,0.1622968167066574,1.191361427307129,266.4642639160156,8.85062313079834,250.47874450683594,239.61715698242188,0.0004191789194010198,0.32491210103034973,400.0,0.1429729166666666
20210127.0,1.409999966621399,40.0,4.0,0.07000000029802322,0.1599999964237213,0.11999999731779099,0.1622968167066574,1.191361427307129,271.9197082519531,9.030989646911621,253.03628540039062,245.52603149414062,2.8249614238739014,0.28024208545684814,400.0,0.1390604166666666
20210129.0,1.409999966621399,40.0,4.0,0.07000000029802322,0.1599999964237213,0.11999999731779099,0.1622968167066574,1.191361427307129,261.8312072753906,8.905915260314941,253.43312072753906,246.47824096679688,0.03022206760942936,0.5031984448432922,400.0,0.1386770833333332
20210130.0,1.409999966621399,40.0,4.0,0.07000000029802322,0.1599999964237213,0.11999999731779099,0.1622968167066574,1.191361427307129,261.63818359375,8.843501091003418,254.402587890625,245.48104858398438,0.0017631575465202332,0.38292622566223145,400.0,0.1344854166666666
20210201.0,1.409999966621399,40.0,4.0,0.07000000029802322,0.1599999964237213,0.11999999731779099,0.1622968167066574,1.191361427307129,267.654541015625,8.71891975402832,255.97982788085938,248.04324340820312,17.035722732543945,0.3048042953014374,400.0,0.1242166666666666
20210204.0,1.409999966621399,40.0,4.0,0.07000000029802322,0.1599999964237213,0.11999999731779099,0.1622968167066574,1.191361427307129,269.880126953125,8.53266429901123,256.78472900390625,249.86862182617188,0.04765477403998375,0.4855334162712097,400.0,0.1345770833333333
20210206.0,1.409999966621399,40.0,4.0,0.07000000029802322,0.1599999964237213,0.11999999731779099,0.1622968167066574,1.191361427307129,271.5423583984375,8.408905982971191,256.4602966308594,247.8107147216797,0.01078338734805584,0.9244039058685303,400.0,0.1376749999999999
20210207.0,1.409999966621399,40.0,4.0,0.07000000029802322,0.1599999964237213,0.11999999731779099,0.1622968167066574,1.191361427307129,266.20501708984375,8.347148895263672,255.03170776367188,246.83151245117188,3.6805052757263184,0.21225908398628235,400.0,0.1379208333333333
20210209.0,1.409999966621399,40.0,4.0,0.07000000029802322,0.1599999964237213,0.11999999731779099,0.1622968167066574,1.191361427307129,266.0495910644531,8.223883628845215,256.3157958984375,244.6405029296875,8.501824378967285,0.13856491446495056,400.0,0.1383875
20210212.0,1.409999966621399,40.0,4.0,0.07000000029802322,0.1599999964237213,0.11999999731779099,0.1622968167066574,1.191361427307129,263.71240234375,8.039600372314453,252.96189880371094,245.80245971679688,0.011682219803333282,0.4417942464351654,400.0,0.1382583333333333
20210214.0,1.409999966621399,40.0,4.0,0.07000000029802322,0.1599999964237213,0.11999999731779099,0.1622968167066574,1.191361427307129,270.6374816894531,7.91715669631958,255.54019165039062,248.14859008789062,0.5164598822593689,0.3247133791446686,400.0,0.1380583333333333
20210215.0,1.409999966621399,40.0,4.0,0.07000000029802322,0.1599999964237213,0.11999999731779099,0.1622968167066574,1.191361427307129,270.04010009765625,7.856057643890381,256.4037780761719,249.3858642578125,2.303697109222412,0.3717019259929657,400.0,0.1385291666666666
20210217.0,1.409999966621399,40.0,4.0,0.07000000029802322,0.1599999964237213,0.11999999731779099,0.1622968167066574,1.191361427307129,268.44293212890625,7.734106540679932,250.9189910888672,241.5816192626953,0.021769976243376732,0.9900755286216736,400.0,0.1482312499999999
20210220.0,1.409999966621399,40.0,4.0,0.07000000029802322,0.1599999964237213,0.11999999731779099,0.1622968167066574,1.191361427307129,270.0881042480469,7.551795959472656,254.03329467773438,247.6640625,0.5223821997642517,0.603800356388092,400.0,0.1443937499999999
20210222.0,1.409999966621399,40.0,4.0,0.07000000029802322,0.1599999964237213,0.11999999731779099,0.1622968167066574,1.191361427307129,267.3589782714844,7.430667877197266,254.78536987304688,246.6599884033203,9.322242736816406,0.13477005064487457,400.0,0.1439645833333333
20210223.0,1.409999966621399,40.0,4.0,0.07000000029802322,0.1599999964237213,0.11999999731779099,0.1622968167066574,1.191361427307129,273.4377746582031,7.369899272918701,253.91575622558594,248.97628784179688,0.9513857364654541,0.22104348242282867,400.0,0.14228125
20210225.0,1.409999966621399,40.0,4.0,0.07000000029802322,0.1599999964237213,0.11999999731779099,0.1622968167066574,1.191361427307129,277.1134033203125,7.244691371917725,251.81784057617188,242.96353149414062,0.0005088900215923786,1.2043489217758179,400.0,0.15530625
20210228.0,1.409999966621399,40.0,4.0,0.07000000029802322,0.1599999964237213,0.11999999731779099,0.1622968167066574,1.191361427307129,272.20819091796875,7.19098424911499,249.91079711914062,241.36187744140625,0.6932439208030701,0.0,400.0,0.1669354166666666
20210302.0,1.409999966621399,40.0,4.0,0.07000000029802322,0.1599999964237213,0.11999999731779099,0.1622968167066574,1.191361427307129,267.03961181640625,7.188659191131592,249.38836669921875,238.66940307617188,0.12145411968231201,1.370473027229309,400.0,0.1691645833333332
20210303.0,1.409999966621399,40.0,4.0,0.07000000029802322,0.1599999964237213,0.11999999731779099,0.1622968167066574,1.191361427307129,269.220947265625,7.1885457038879395,251.7618408203125,242.1693572998047,0.0,0.5558791160583496,400.0,0.1561979166666666
20210305.0,1.409999966621399,40.0,4.0,0.07000000029802322,0.1599999964237213,0.11999999731779099,0.1622968167066574,1.191361427307129,268.28961181640625,7.189168930053711,249.53549194335938,239.5906982421875,0.0018557239091023803,1.3858139514923096,400.0,0.1538583333333333
20210308.0,1.409999966621399,40.0,4.0,0.07000000029802322,0.1599999964237213,0.11999999731779099,0.1622968167066574,1.191361427307129,268.0819091796875,7.161527633666992,250.03775024414062,240.80154418945312,0.0004410743713378906,0.9094411134719849,400.0,0.1463374999999999
20210310.0,1.409999966621399,40.0,4.0,0.07000000029802322,0.1599999964237213,0.11999999731779099,0.1622968167066574,1.191361427307129,275.3090515136719,7.135148048400879,248.0203399658203,236.29534912109375,0.0012934207916259766,0.6551035642623901,400.0,0.1716833333333333
20210311.0,1.409999966621399,40.0,4.0,0.07000000029802322,0.1599999964237213,0.11999999731779099,0.1622968167066574,1.191361427307129,279.8442077636719,7.1219801902771,247.01132202148438,234.83663940429688,0.006365265231579542,1.0370513200759888,400.0,0.1863270833333333
20210313.0,1.409999966621399,40.0,4.0,0.07000000029802322,0.1599999964237213,0.11999999731779099,0.1622968167066574,1.191361427307129,275.98974609375,7.095846652984619,241.14324951171875,224.7639923095703,0.0027013677172362804,1.5515567064285278,400.0,0.1572604166666666
20210316.0,1.409999966621399,40.0,4.0,0.07000000029802322,0.1599999964237213,0.11999999731779099,0.1622968167066574,1.191361427307129,270.56689453125,7.050180912017822,246.97898864746094,234.75430297851562,0.04155461862683296,0.2726757824420929,400.0,0.14496875
20210318.0,1.409999966621399,40.0,4.0,0.07000000029802322,0.1599999964237213,0.11999999731779099,0.1622968167066574,1.191361427307129,276.25579833984375,7.018138408660889,245.41241455078125,232.32406616210938,19.147645950317383,0.015203006565570831,400.0,0.1572041666666666
20210319.0,1.409999966621399,40.0,4.0,0.07000000029802322,0.1599999964237213,0.11999999731779099,0.1622968167066574,1.191361427307129,273.81512451171875,7.002175807952881,242.9744873046875,226.064697265625,2.466970443725586,1.8447061777114868,400.0,0.1704687499999999
20210321.0,1.409999966621399,40.0,4.0,0.07000000029802322,0.1599999964237213,0.11999999731779099,0.1622968167066574,1.191361427307129,278.00286865234375,6.971433639526367,241.70907592773438,227.06776428222656,0.0017195938853546977,1.64163339138031,400.0,0.1536062499999999
20210324.0,1.409999966621399,40.0,4.0,0.07000000029802322,0.1599999964237213,0.11999999731779099,0.1622968167066574,1.191361427307129,280.6247863769531,6.885628700256348,245.76901245117188,234.33767700195312,8.953927040100098,0.823016881942749,400.0,0.1454520833333333
20210326.0,1.409999966621399,40.0,4.0,0.07000000029802322,0.1599999964237213,0.11999999731779099,0.1622968167066574,1.191361427307129,287.6018981933594,6.8185906410217285,257.67572021484375,246.2879180908203,2.556490898132324,1.593071460723877,400.0,0.1606604166666665
20210327.0,1.409999966621399,40.0,4.0,0.07000000029802322,0.1599999964237213,0.11999999731779099,0.1622968167066574,1.191361427307129,283.9151611328125,6.785153865814209,247.76168823242188,235.03573608398438,0.003485302906483412,1.7614421844482422,400.0,0.1556479166666666
20210329.0,1.409999966621399,40.0,4.0,0.07000000029802322,0.1599999964237213,0.11999999731779099,0.1622968167066574,1.191361427307129,279.8257141113281,6.7223429679870605,248.135498046875,236.47921752929688,1.8183951377868652,2.2853732109069824,400.0,0.1700604166666666
20210401.0,1.409999966621399,40.0,4.0,0.07000000029802322,0.1599999964237213,0.11999999731779099,0.1622968167066574,1.191361427307129,279.61236572265625,6.492676734924316,249.478515625,239.2686767578125,5.530757904052734,2.5486960411071777,400.0,0.1561479166666666
20210403.0,1.409999966621399,40.0,4.0,0.07000000029802322,0.1599999964237213,0.11999999731779099,0.1622968167066574,1.191361427307129,274.5273132324219,6.306484222412109,242.39759826660156,226.23507690429688,0.000852346362080425,1.8831526041030884,400.0,0.1535208333333333
20210404.0,1.409999966621399,40.0,4.0,0.07000000029802322,0.1599999964237213,0.11999999731779099,0.1622968167066574,1.191361427307129,277.7220153808594,6.212736129760742,245.770263671875,231.29832458496094,0.0020041794050484896,1.8497521877288818,400.0,0.1518645833333333
20210406.0,1.409999966621399,40.0,4.0,0.07000000029802322,0.1599999964237213,0.11999999731779099,0.1622968167066574,1.191361427307129,281.80047607421875,6.026182651519775,243.24520874023438,230.14907836914062,0.00042617321014404297,2.3786418437957764,400.0,0.1496187499999999
20210409.0,1.409999966621399,40.0,4.0,0.07000000029802322,0.1599999964237213,0.11999999731779099,0.1622968167066574,1.191361427307129,284.96917724609375,5.737158298492432,250.8863525390625,236.331787109375,0.0,1.8665574789047241,400.0,0.1469645833333333
20210411.0,1.409999966621399,40.0,4.0,0.07000000029802322,0.1599999964237213,0.11999999731779099,0.1622968167066574,1.191361427307129,286.289794921875,5.542918682098389,254.14682006835938,241.49191284179688,3.1232385635375977,1.0765612125396729,400.0,0.14581875
20210412.0,1.409999966621399,40.0,4.0,0.07000000029802322,0.1599999964237213,0.11999999731779099,0.1622968167066574,1.191361427307129,280.4324951171875,5.445687770843506,255.29449462890625,247.95828247070312,11.31949520111084,1.9506101608276367,400.0,0.1477104166666666
20210414.0,1.409999966621399,40.0,4.0,0.07000000029802322,0.1599999964237213,0.11999999731779099,0.1622968167066574,1.191361427307129,285.1880798339844,5.247418403625488,251.2752685546875,239.29678344726562,0.005618749652057886,2.2261664867401123,400.0,0.1511083333333333
20210417.0,1.409999966621399,40.0,4.0,0.07000000029802322,0.1599999964237213,0.11999999731779099,0.1622968167066574,1.191361427307129,278.8966369628906,5.1026530265808105,251.57281494140625,241.13772583007812,0.06184718757867813,1.4566658735275269,400.0,0.1624354166666666
20210419.0,1.409999966621399,40.0,4.0,0.07000000029802322,0.1599999964237213,0.11999999731779099,0.1622968167066574,1.191361427307129,282.8912353515625,5.048486709594727,250.17808532714844,238.35597229003906,2.693817377090454,2.1230897903442383,400.0,0.1546124999999999
20210420.0,1.409999966621399,40.0,4.0,0.07000000029802322,0.1599999964237213,0.11999999731779099,0.1622968167066574,1.191361427307129,284.2732849121094,5.021538734436035,253.7154541015625,242.69915771484375,0.3778427541255951,2.8570802211761475,400.0,0.1524999999999999
20210422.0,1.409999966621399,40.0,4.0,0.07000000029802322,0.1599999964237213,0.11999999731779099,0.1622968167066574,1.191361427307129,276.5145263671875,4.96898889541626,247.12649536132812,235.84475708007812,0.43324166536331177,2.5614774227142334,400.0,0.1589187499999999
20210425.0,1.409999966621399,40.0,4.0,0.07000000029802322,0.1599999964237213,0.11999999731779099,0.1622968167066574,1.191361427307129,284.41998291015625,4.846346378326416,253.73020935058594,245.77523803710938,3.197046995162964,2.1887283325195312,400.0,0.1529020833333333
20210428.0,1.409999966621399,40.0,4.0,0.07000000029802322,0.1599999964237213,0.11999999731779099,0.1622968167066574,1.191361427307129,287.5586242675781,4.708111763000488,255.29641723632812,240.8917236328125,1.4951728582382202,3.2819111347198486,400.0,0.1509187499999999
20210430.0,1.409999966621399,40.0,4.0,0.07000000029802322,0.1599999964237213,0.11999999731779099,0.1622968167066574,1.191361427307129,287.22772216796875,4.6262640953063965,257.41973876953125,246.13226318359375,10.42586612701416,3.5417356491088867,400.0,0.1695125
20210503.0,1.409999966621399,40.0,4.0,0.07000000029802322,0.1599999964237213,0.11999999731779099,0.1622968167066574,1.191361427307129,285.9898681640625,4.184566497802734,255.68252563476562,244.79331970214844,1.593583345413208,1.911238670349121,400.0,0.1542812499999999
20210505.0,1.409999966621399,40.0,4.0,0.07000000029802322,0.1599999964237213,0.11999999731779099,0.1622968167066574,1.191361427307129,285.1195068359375,3.8140265941619873,254.42800903320312,245.6616668701172,14.824121475219727,1.1841012239456177,400.0,0.1848624999999999
20210506.0,1.409999966621399,40.0,4.0,0.07000000029802322,0.1599999964237213,0.11999999731779099,0.1622968167066574,1.191361427307129,283.6869812011719,3.627363681793213,254.3732147216797,243.56155395507812,0.8153690695762634,4.475467205047607,400.0,0.1747291666666666
20210508.0,1.409999966621399,40.0,4.0,0.07000000029802322,0.1599999964237213,0.11999999731779099,0.1622968167066574,1.191361427307129,281.7851867675781,3.251319646835327,251.56167602539062,239.68016052246094,2.8693268299102783,1.8875041007995605,400.0,0.1603104166666666
20210511.0,1.409999966621399,40.0,4.0,0.07000000029802322,0.1599999964237213,0.11999999731779099,0.1622968167066574,1.191361427307129,283.25830078125,2.8811395168304443,254.2782440185547,243.34066772460938,0.18423011898994446,4.070809841156006,400.0,0.16841875
20210513.0,1.409999966621399,40.0,4.0,0.07000000029802322,0.1599999964237213,0.11999999731779099,0.1622968167066574,1.191361427307129,284.1913757324219,2.683032512664795,253.11351013183594,241.424560546875,0.01947663724422455,4.54295015335083,400.0,0.1601395833333332
20210514.0,1.409999966621399,40.0,4.0,0.07000000029802322,0.1599999964237213,0.11999999731779099,0.1622968167066574,1.191361427307129,285.13818359375,2.5856406688690186,255.0481719970703,242.32540893554688,0.07507660239934921,4.313449859619141,400.0,0.1579104166666666
20210516.0,1.409999966621399,40.0,4.0,0.07000000029802322,0.1599999964237213,0.11999999731779099,0.1622968167066574,1.191361427307129,288.14422607421875,2.390300750732422,258.6011047363281,244.77197265625,1.3121871948242188,4.346880912780762,400.0,0.1535604166666666
20210519.0,1.409999966621399,40.0,4.0,0.07000000029802322,0.1599999964237213,0.11999999731779099,0.1622968167066574,1.191361427307129,290.3710021972656,2.1458091735839844,260.9551696777344,249.73941040039062,0.000858306884765625,4.946086883544922,400.0,0.1470312499999999
20210521.0,1.409999966621399,40.0,4.0,0.07000000029802322,0.1599999964237213,0.11999999731779099,0.1622968167066574,1.191361427307129,291.6456604003906,1.9953703880310059,262.21343994140625,252.0291748046875,0.00021395653311628848,4.844606399536133,400.0,0.1405937499999999
20210522.0,1.409999966621399,40.0,4.0,0.07000000029802322,0.1599999964237213,0.11999999731779099,0.1622968167066574,1.191361427307129,294.25390625,1.9204150438308716,265.6583251953125,257.2227478027344,0.01271640881896019,3.518956422805786,400.0,0.1366999999999999
20210524.0,1.409999966621399,40.0,4.0,0.07000000029802322,0.1599999964237213,0.11999999731779099,0.1622968167066574,1.191361427307129,288.9404602050781,1.7671239376068115,263.9818115234375,254.55221557617188,0.01770826429128647,3.09443998336792,400.0,0.1285999999999999
20210527.0,1.409999966621399,40.0,4.0,0.07000000029802322,0.1599999964237213,0.11999999731779099,0.1622968167066574,1.191361427307129,293.53607177734375,1.6684837341308594,266.359375,258.7081604003906,2.554476499557495,4.892227649688721,400.0,0.1414104166666666
20210529.0,1.409999966621399,40.0,4.0,0.07000000029802322,0.1599999964237213,0.11999999731779099,0.1622968167066574,1.191361427307129,281.3127136230469,1.6391483545303345,255.36068725585938,247.19158935546875,31.990585327148438,3.0666263103485107,400.0,0.18265625
20210530.0,1.409999966621399,40.0,4.0,0.07000000029802322,0.1599999964237213,0.11999999731779099,0.1622968167066574,1.191361427307129,281.5365295410156,1.6243088245391846,257.68841552734375,249.70248413085938,16.914291381835938,1.6488820314407349,400.0,0.1736104166666666
20210601.0,1.409999966621399,40.0,4.0,0.07000000029802322,0.1599999964237213,0.11999999731779099,0.1622968167066574,1.191361427307129,287.6627197265625,1.5924832820892334,257.4644775390625,248.26046752929688,0.0016508715925738215,4.773787975311279,400.0,0.1635270833333333
20210604.0,1.409999966621399,40.0,4.0,0.07000000029802322,0.1599999964237213,0.11999999731779099,0.1622968167066574,1.191361427307129,292.5144348144531,1.6187975406646729,263.9161376953125,254.81448364257812,8.331258773803711,3.251375675201416,400.0,0.1551541666666666
20210606.0,1.409999966621399,40.0,4.0,0.07000000029802322,0.1599999964237213,0.11999999731779099,0.1622968167066574,1.191361427307129,296.42724609375,1.6549128293991089,265.9281005859375,256.0412292480469,0.0003558034368325025,6.162542819976807,400.0,0.1462312499999999
20210607.0,1.409999966621399,40.0,4.0,0.07000000029802322,0.1599999964237213,0.11999999731779099,0.1622968167066574,1.191361427307129,297.27606201171875,1.6735941171646118,268.55255126953125,257.5762634277344,0.054903268814086914,5.814388751983643,400.0,0.1396437499999999
20210609.0,1.409999966621399,40.0,4.0,0.07000000029802322,0.1599999964237213,0.11999999731779099,0.1622968167066574,1.191361427307129,296.5364685058594,1.711775779724121,268.8580017089844,258.58544921875,4.74681282043457,4.617645740509033,400.0,0.1346354166666666
20210612.0,1.409999966621399,40.0,4.0,0.07000000029802322,0.1599999964237213,0.11999999731779099,0.1622968167066574,1.191361427307129,290.4569091796875,1.742205262184143,265.96893310546875,255.9787139892578,1.0444729328155518,2.6234540939331055,400.0,0.12485625
20210614.0,1.409999966621399,40.0,4.0,0.07000000029802322,0.1599999964237213,0.11999999731779099,0.1622968167066574,1.191361427307129,290.923095703125,1.7557657957077026,262.28717041015625,254.5901641845703,10.58753776550293,2.5325169563293457,400.0,0.1471708333333333
20210615.0,1.409999966621399,40.0,4.0,0.07000000029802322,0.1599999964237213,0.11999999731779099,0.1622968167066574,1.191361427307129,291.4786376953125,1.7626067399978638,266.255615234375,257.3913269042969,2.3873801231384277,4.8631510734558105,400.0,0.1594749999999999
20210617.0,1.409999966621399,40.0,4.0,0.07000000029802322,0.1599999964237213,0.11999999731779099,0.1622968167066574,1.191361427307129,289.11920166015625,1.7793622016906738,261.6688232421875,251.69607543945312,0.002142786979675293,5.84910249710083,400.0,0.1477687499999999
20210620.0,1.409999966621399,40.0,4.0,0.07000000029802322,0.1599999964237213,0.11999999731779099,0.1622968167066574,1.191361427307129,294.4610290527344,1.6997790336608887,267.4960021972656,258.7646484375,0.33794766664505005,4.801581859588623,400.0,0.1220520833333333
20210622.0,1.409999966621399,40.0,4.0,0.07000000029802322,0.1599999964237213,0.11999999731779099,0.1622968167066574,1.191361427307129,293.1720275878906,1.6207045316696167,268.2974853515625,261.27862548828125,9.035162925720215,2.467521905899048,400.0,0.1508166666666666
20210623.0,1.409999966621399,40.0,4.0,0.07000000029802322,0.1599999964237213,0.11999999731779099,0.1622968167066574,1.191361427307129,289.0095520019531,1.5801771879196167,262.5657043457031,255.55715942382812,0.001805557869374752,5.752531051635742,400.0,0.1523395833333333
20210625.0,1.409999966621399,40.0,4.0,0.07000000029802322,0.1599999964237213,0.11999999731779099,0.1622968167066574,1.191361427307129,291.1208190917969,1.4957112073898315,263.91119384765625,255.37158203125,0.0038711403030902147,5.091838836669922,400.0,0.1276458333333333
20210628.0,1.409999966621399,40.0,4.0,0.07000000029802322,0.1599999964237213,0.11999999731779099,0.1622968167066574,1.191361427307129,299.5106201171875,1.4908082485198975,272.0716247558594,263.3665771484375,0.16964690387248993,5.00643253326416,400.0,0.1005354166666666
20210630.0,1.409999966621399,40.0,4.0,0.07000000029802322,0.1599999964237213,0.11999999731779099,0.1622968167066574,1.191361427307129,301.34686279296875,1.51799738407135,270.70611572265625,262.4551696777344,5.405319690704346,4.862416744232178,400.0,0.0806229166666666
20210701.0,1.409999966621399,40.0,4.0,0.07000000029802322,0.1599999964237213,0.11999999731779099,0.1622968167066574,1.191361427307129,295.9906311035156,1.5326135158538818,270.0179443359375,262.74786376953125,8.012225151062012,3.0447356700897217,400.0,0.0779999999999999
20210703.0,1.409999966621399,40.0,4.0,0.07000000029802322,0.1599999964237213,0.11999999731779099,0.1622968167066574,1.191361427307129,288.9627380371094,1.5633256435394287,261.16748046875,252.544677734375,5.035386562347412,3.1115994453430176,400.0,0.1564687499999999
20210706.0,1.409999966621399,40.0,4.0,0.07000000029802322,0.1599999964237213,0.11999999731779099,0.1622968167066574,1.191361427307129,296.6471862792969,1.5603033304214478,268.18853759765625,257.40655517578125,0.4635515511035919,4.495382308959961,400.0,0.1248645833333333
20210708.0,1.409999966621399,40.0,4.0,0.07000000029802322,0.1599999964237213,0.11999999731779099,0.1622968167066574,1.191361427307129,295.57244873046875,1.5445995330810547,266.13458251953125,255.83758544921875,23.722787857055664,2.600398063659668,400.0,0.1482895833333333
20210709.0,1.409999966621399,40.0,4.0,0.07000000029802322,0.1599999964237213,0.11999999731779099,0.1622968167066574,1.191361427307129,295.8147277832031,1.5366476774215698,262.8306579589844,254.5181427001953,9.125285148620605,4.6925740242004395,400.0,0.1648770833333332
20210711.0,1.409999966621399,40.0,4.0,0.07000000029802322,0.1599999964237213,0.11999999731779099,0.1622968167066574,1.191361427307129,293.19586181640625,1.5195226669311523,264.1297912597656,254.72860717773438,4.382872104644775,1.7982594966888428,400.0,0.1587145833333333
20210714.0,1.409999966621399,40.0,4.0,0.07000000029802322,0.1599999964237213,0.11999999731779099,0.1622968167066574,1.191361427307129,294.9366149902344,1.535765290260315,265.12677001953125,255.49130249023438,4.989036560058594,4.039047718048096,400.0,0.1607229166666666
20210716.0,1.409999966621399,40.0,4.0,0.07000000029802322,0.1599999964237213,0.11999999731779099,0.1622968167066574,1.191361427307129,297.9617614746094,1.557103157043457,269.14068603515625,258.29058837890625,3.564481496810913,5.207466125488281,400.0,0.1524020833333333
20210717.0,1.409999966621399,40.0,4.0,0.07000000029802322,0.1599999964237213,0.11999999731779099,0.1622968167066574,1.191361427307129,297.5185852050781,1.5680493116378784,267.9184265136719,259.06610107421875,6.262515544891357,5.114778518676758,400.0,0.1549520833333333
20210719.0,1.409999966621399,40.0,4.0,0.07000000029802322,0.1599999964237213,0.11999999731779099,0.1622968167066574,1.191361427307129,294.3707580566406,1.5895323753356934,265.25494384765625,253.9459228515625,2.611948251724243,4.418236255645752,400.0,0.1732229166666666
20210722.0,1.409999966621399,40.0,4.0,0.07000000029802322,0.1599999964237213,0.11999999731779099,0.1622968167066574,1.191361427307129,292.9440612792969,1.6361725330352783,262.4112548828125,255.0165252685547,0.022825758904218674,5.8473052978515625,400.0,0.1543479166666665
20210724.0,1.409999966621399,40.0,4.0,0.07000000029802322,0.1599999964237213,0.11999999731779099,0.1622968167066574,1.191361427307129,292.71380615234375,1.6709085702896118,265.0311279296875,254.29266357421875,0.04960949718952179,5.648955821990967,400.0,0.1402333333333333
20210725.0,1.409999966621399,40.0,4.0,0.07000000029802322,0.1599999964237213,0.11999999731779099,0.1622968167066574,1.191361427307129,293.9063720703125,1.6883184909820557,266.1311950683594,258.1708679199219,8.736902236938477,4.076323986053467,400.0,0.1352229166666665
20210727.0,1.409999966621399,40.0,4.0,0.07000000029802322,0.1599999964237213,0.11999999731779099,0.1622968167066574,1.191361427307129,296.3388671875,1.7222281694412231,267.2945251464844,257.0546875,0.38874542713165283,5.8206353187561035,400.0,0.1235895833333333
20210730.0,1.409999966621399,40.0,4.0,0.07000000029802322,0.1599999964237213,0.11999999731779099,0.1622968167066574,1.191361427307129,293.26861572265625,1.8052051067352295,267.73486328125,258.00030517578125,2.276962995529175,5.621263027191162,400.0,0.1116229166666666
20210801.0,1.409999966621399,40.0,4.0,0.07000000029802322,0.1599999964237213,0.11999999731779099,0.1622968167066574,1.191361427307129,291.111083984375,1.8686795234680176,264.0326843261719,255.2396240234375,0.6775281429290771,3.960599184036255,400.0,0.0902583333333333
20210802.0,1.409999966621399,40.0,4.0,0.07000000029802322,0.1599999964237213,0.11999999731779099,0.1622968167066574,1.191361427307129,292.36749267578125,1.9008883237838745,265.10455322265625,258.93707275390625,1.8401387929916382,5.194311618804932,400.0,0.0876874999999999
20210804.0,1.409999966621399,40.0,4.0,0.07000000029802322,0.1599999964237213,0.11999999731779099,0.1622968167066574,1.191361427307129,291.5289001464844,1.967688798904419,265.65411376953125,256.66156005859375,0.004653149750083685,3.2487220764160156,400.0,0.0767520833333333
20210807.0,1.409999966621399,40.0,4.0,0.07000000029802322,0.1599999964237213,0.11999999731779099,0.1622968167066574,1.191361427307129,296.5616455078125,1.9897817373275757,268.968017578125,262.6461486816406,0.13669419288635254,3.696328639984131,400.0,0.0642229166666666
20210809.0,1.409999966621399,40.0,4.0,0.07000000029802322,0.1599999964237213,0.11999999731779099,0.1622968167066574,1.191361427307129,295.53570556640625,1.984921932220459,270.4505920410156,261.8004150390625,0.8298588991165161,3.4614875316619873,400.0,0.0598416666666666
20210810.0,1.409999966621399,40.0,4.0,0.07000000029802322,0.1599999964237213,0.11999999731779099,0.1622968167066574,1.191361427307129,295.9385986328125,1.9820502996444702,272.23858642578125,263.2818908691406,0.5842797160148621,2.4063963890075684,400.0,0.0584979166666666
20210812.0,1.409999966621399,40.0,4.0,0.07000000029802322,0.1599999964237213,0.11999999731779099,0.1622968167066574,1.191361427307129,299.8819274902344,1.9778891801834106,272.07159423828125,264.9066162109375,0.27324262261390686,5.079232215881348,400.0,0.0573229166666666
20210815.0,1.409999966621399,40.0,4.0,0.07000000029802322,0.1599999964237213,0.11999999731779099,0.1622968167066574,1.191361427307129,294.7303771972656,1.9185411930084229,268.9017333984375,261.26934814453125,0.0,5.094448566436768,400.0,0.0540083333333333
20210817.0,1.409999966621399,40.0,4.0,0.07000000029802322,0.1599999964237213,0.11999999731779099,0.1622968167066574,1.191361427307129,294.1875915527344,1.864259123802185,269.439208984375,262.15032958984375,8.14120864868164,2.8539962768554688,400.0,0.0524229166666666
20210818.0,1.409999966621399,40.0,4.0,0.07000000029802322,0.1599999964237213,0.11999999731779099,0.1622968167066574,1.191361427307129,295.2784423828125,1.8368215560913086,273.421630859375,264.7702331542969,0.6783748269081116,1.703842043876648,400.0,0.052475
20210820.0,1.409999966621399,40.0,4.0,0.07000000029802322,0.1599999964237213,0.11999999731779099,0.1622968167066574,1.191361427307129,296.15899658203125,1.778079628944397,269.32861328125,260.4462890625,1.0016894340515137,2.7299349308013916,400.0,0.11055625
20210823.0,1.409999966621399,40.0,4.0,0.07000000029802322,0.1599999964237213,0.11999999731779099,0.1622968167066574,1.191361427307129,294.2033996582031,1.824463963508606,264.9117736816406,257.057373046875,46.64665603637695,1.7783942222595215,400.0,0.1570541666666666
20210825.0,1.409999966621399,40.0,4.0,0.07000000029802322,0.1599999964237213,0.11999999731779099,0.1622968167066574,1.191361427307129,296.0024719238281,1.8891621828079224,267.5773620605469,256.5853271484375,0.06551564484834671,4.893779754638672,400.0,0.1188020833333333
20210826.0,1.409999966621399,40.0,4.0,0.07000000029802322,0.1599999964237213,0.11999999731779099,0.1622968167066574,1.191361427307129,298.5478820800781,1.9227321147918701,266.3839111328125,258.19146728515625,0.07165096700191498,5.178741455078125,400.0,0.1059375
20210828.0,1.409999966621399,40.0,4.0,0.07000000029802322,0.1599999964237213,0.11999999731779099,0.1622968167066574,1.191361427307129,295.1284484863281,1.9922009706497192,265.89349365234375,256.36126708984375,6.097380638122559,4.001760959625244,400.0,0.0938708333333333
20210831.0,1.409999966621399,40.0,4.0,0.07000000029802322,0.1599999964237213,0.11999999731779099,0.1622968167066574,1.191361427307129,294.7243957519531,2.020451068878174,268.1636047363281,258.54522705078125,0.027336400002241135,3.964423656463623,400.0,0.0836895833333333
20210902.0,1.409999966621399,40.0,4.0,0.07000000029802322,0.1599999964237213,0.11999999731779099,0.1622968167066574,1.191361427307129,289.94287109375,2.0202324390411377,260.29852294921875,249.94223022460938,81.03363037109375,6.6301140785217285,400.0,0.1618208333333333
20210903.0,1.409999966621399,40.0,4.0,0.07000000029802322,0.1599999964237213,0.11999999731779099,0.1622968167066574,1.191361427307129,289.41925048828125,2.019587516784668,259.8254699707031,249.89791870117188,0.14028875529766083,3.7341034412384033,400.0,0.1355937499999999
20210905.0,1.409999966621399,40.0,4.0,0.07000000029802322,0.1599999964237213,0.11999999731779099,0.1622968167066574,1.191361427307129,290.26507568359375,2.0185704231262207,262.6080322265625,254.8328857421875,2.489290475845337,1.4928619861602783,400.0,0.1266479166666665
20210908.0,1.409999966621399,40.0,4.0,0.07000000029802322,0.1599999964237213,0.11999999731779099,0.1622968167066574,1.191361427307129,292.94854736328125,2.0077743530273438,264.0452880859375,253.70657348632812,2.207167148590088,3.699270725250244,400.0,0.1180083333333333
20210910.0,1.409999966621399,40.0,4.0,0.07000000029802322,0.1599999964237213,0.11999999731779099,0.1622968167066574,1.191361427307129,290.9493408203125,1.998259425163269,264.40966796875,255.97067260742188,0.007349834311753511,5.197488307952881,400.0,0.1389229166666666
20210911.0,1.409999966621399,40.0,4.0,0.07000000029802322,0.1599999964237213,0.11999999731779099,0.1622968167066574,1.191361427307129,289.1375427246094,1.9932355880737305,261.97088623046875,252.3319091796875,0.01449184026569128,4.265573501586914,400.0,0.1294374999999999
20210913.0,1.409999966621399,40.0,4.0,0.07000000029802322,0.1599999964237213,0.11999999731779099,0.1622968167066574,1.191361427307129,294.675537109375,1.9808071851730347,264.73876953125,255.63975524902344,0.3061054050922394,3.9359230995178223,400.0,0.1173583333333333
20210916.0,1.409999966621399,40.0,4.0,0.07000000029802322,0.1599999964237213,0.11999999731779099,0.1622968167066574,1.191361427307129,292.70465087890625,2.043630838394165,261.2342529296875,255.126220703125,13.429454803466797,3.5517690181732178,400.0,0.1421749999999999
20210918.0,1.409999966621399,40.0,4.0,0.07000000029802322,0.1599999964237213,0.11999999731779099,0.1622968167066574,1.191361427307129,294.2141418457031,2.106027603149414,264.5184326171875,255.97628784179688,0.6918516755104065,2.158200979232788,400.0,0.1328208333333333
20210919.0,1.409999966621399,40.0,4.0,0.07000000029802322,0.1599999964237213,0.11999999731779099,0.1622968167066574,1.191361427307129,292.1601257324219,2.1377012729644775,263.0261535644531,253.2888641357422,0.00624803826212883,4.613804817199707,400.0,0.1254479166666666
20210921.0,1.409999966621399,40.0,4.0,0.07000000029802322,0.1599999964237213,0.11999999731779099,0.1622968167066574,1.191361427307129,290.00347900390625,2.199122428894043,261.6796875,252.279052734375,0.0970723032951355,2.66617488861084,400.0,0.1129687499999999
20210924.0,1.409999966621399,40.0,4.0,0.07000000029802322,0.1599999964237213,0.11999999731779099,0.1622968167066574,1.191361427307129,291.4239807128906,2.3594510555267334,259.10565185546875,250.152587890625,29.778240203857422,4.565738201141357,400.0,0.1472083333333333
20210926.0,1.409999966621399,40.0,4.0,0.07000000029802322,0.1599999964237213,0.11999999731779099,0.1622968167066574,1.191361427307129,288.8537902832031,2.485795259475708,260.1807861328125,249.98048400878906,0.0014584162272512913,3.7280006408691406,400.0,0.1391479166666666
20210927.0,1.409999966621399,40.0,4.0,0.07000000029802322,0.1599999964237213,0.11999999731779099,0.1622968167066574,1.191361427307129,288.1245422363281,2.5492238998413086,258.49847412109375,250.41526794433594,0.14104832708835602,3.6467440128326416,400.0,0.1348312499999999
20210929.0,1.409999966621399,40.0,4.0,0.07000000029802322,0.1599999964237213,0.11999999731779099,0.1622968167066574,1.191361427307129,286.9292907714844,2.6774306297302246,256.2108154296875,248.94869995117188,0.011870167218148708,3.239809036254883,400.0,0.1488124999999999
20211002.0,1.409999966621399,40.0,4.0,0.07000000029802322,0.1599999964237213,0.11999999731779099,0.1622968167066574,1.191361427307129,286.0138244628906,2.836277961730957,259.20330810546875,250.0336151123047,0.0008599273860454559,2.8169491291046143,400.0,0.1344333333333333
20211004.0,1.409999966621399,40.0,4.0,0.07000000029802322,0.1599999964237213,0.11999999731779099,0.1622968167066574,1.191361427307129,288.8385009765625,2.933955430984497,259.75457763671875,252.38328552246094,33.420597076416016,0.7667478322982788,400.0,0.1619208333333333
20211005.0,1.409999966621399,40.0,4.0,0.07000000029802322,0.1599999964237213,0.11999999731779099,0.1622968167066574,1.191361427307129,287.1869201660156,2.982616424560547,259.41949462890625,250.2434844970703,4.013507843017578,1.5544477701187134,400.0,0.164025
20211007.0,1.409999966621399,40.0,4.0,0.07000000029802322,0.1599999964237213,0.11999999731779099,0.1622968167066574,1.191361427307129,289.2377014160156,3.079819440841675,259.649169921875,249.54061889648438,0.08672937750816345,1.9329646825790405,400.0,0.1524583333333332
20211010.0,1.409999966621399,40.0,4.0,0.07000000029802322,0.1599999964237213,0.11999999731779099,0.1622968167066574,1.191361427307129,288.0366516113281,3.237037420272827,258.272216796875,247.71356201171875,3.3382487297058105,1.2639557123184204,400.0,0.1462270833333332
20211012.0,1.409999966621399,40.0,4.0,0.07000000029802322,0.1599999964237213,0.11999999731779099,0.1622968167066574,1.191361427307129,288.42095947265625,3.34497332572937,259.3455810546875,248.36334228515625,0.016891654580831528,1.6640197038650513,400.0,0.14261875
20211013.0,1.409999966621399,40.0,4.0,0.07000000029802322,0.1599999964237213,0.11999999731779099,0.1622968167066574,1.191361427307129,289.1306457519531,3.399279832839966,261.8586730957031,250.72300720214844,0.1347028613090515,1.0537198781967163,400.0,0.1408666666666665
20211015.0,1.409999966621399,40.0,4.0,0.07000000029802322,0.1599999964237213,0.11999999731779099,0.1622968167066574,1.191361427307129,290.09014892578125,3.5097899436950684,259.661865234375,249.72726440429688,0.0008523463038727641,1.6993637084960938,400.0,0.1378479166666666
20211018.0,1.409999966621399,40.0,4.0,0.07000000029802322,0.1599999964237213,0.11999999731779099,0.1622968167066574,1.191361427307129,282.8877868652344,3.619476079940796,254.333984375,246.47349548339844,1.4824161529541016,2.0813655853271484,400.0,0.1569020833333333
20211020.0,1.409999966621399,40.0,4.0,0.07000000029802322,0.1599999964237213,0.11999999731779099,0.1622968167066574,1.191361427307129,286.8694152832031,3.6785717010498047,255.76712036132812,243.70635986328125,0.09147486835718155,2.194915294647217,400.0,0.1496666666666666
20211021.0,1.409999966621399,40.0,4.0,0.07000000029802322,0.1599999964237213,0.11999999731779099,0.1622968167066574,1.191361427307129,287.65362548828125,3.7073256969451904,256.018798828125,247.25936889648438,0.0,1.9365601539611816,400.0,0.1465645833333333
20211023.0,1.409999966621399,40.0,4.0,0.07000000029802322,0.1599999964237213,0.11999999731779099,0.1622968167066574,1.191361427307129,284.6034851074219,3.75993013381958,253.20152282714844,243.56588745117188,0.002667077351361513,1.8719199895858765,400.0,0.1437687499999999
20211026.0,1.409999966621399,40.0,4.0,0.07000000029802322,0.1599999964237213,0.11999999731779099,0.1622968167066574,1.191361427307129,285.27020263671875,4.009401321411133,251.97669982910156,242.78988647460938,57.0024528503418,1.3406261205673218,400.0,0.1810666666666666
20211028.0,1.409999966621399,40.0,4.0,0.07000000029802322,0.1599999964237213,0.11999999731779099,0.1622968167066574,1.191361427307129,283.27978515625,4.2196149826049805,252.03468322753906,241.19635009765625,0.0003676635678857565,1.5583728551864624,400.0,0.1669645833333333
20211029.0,1.409999966621399,40.0,4.0,0.07000000029802322,0.1599999964237213,0.11999999731779099,0.1622968167066574,1.191361427307129,280.7130432128906,4.3268141746521,251.2926025390625,240.79771423339844,0.2068757861852646,1.2512322664260864,400.0,0.1639645833333333
