pixel_id,lat,lon,land_cover_types,koppen_climate_5_types,valid_number,site_number,site_ids,source_number,source_ids
1_AMMA-CATCH,13.5325002670288,2.66039991378784,10.0,200.0,1361,1,['AMMA-CATCH_Banizoumbou'],1,['ismn']
2_AMMA-CATCH,9.79506015777588,1.70993995666504,12.0,100.0,930,1,['AMMA-CATCH_Belefoungou-Mid'],1,['ismn']
3_AMMA-CATCH,9.78985977172852,1.70993995666504,12.0,100.0,923,1,['AMMA-CATCH_Belefoungou-Top'],1,['ismn']
4_AMMA-CATCH,9.74468517303467,1.6055499911308302,12.0,100.0,987,2,"['AMMA-CATCH_Nalohou-Mid', 'AMMA-CATCH_Nalohou-Top']",1,"['ismn', 'ismn']"
5_AMMA-CATCH,13.5480003356934,2.6956000328064,10.0,200.0,1357,1,['AMMA-CATCH_Tondikiboro'],1,['ismn']
6_AMMA-CATCH,13.6456003189087,2.63199996948242,10.0,200.0,1281,1,['AMMA-CATCH_Wankama'],1,['ismn']
7_ARM,37.2134017944336,-98.0969009399414,12.0,300.0,1887,1,['ARM_Anthony'],1,['ismn']
8_ARM,37.132999420166,-97.265998840332,12.0,300.0,2221,1,['ARM_Ashton'],1,['ismn']
9_ARM,36.8810005187988,-98.2850036621094,10.0,300.0,1996,1,['ARM_Byron'],1,['ismn']
10_ARM,36.6049995422363,-97.4850006103516,12.0,300.0,2722,1,['ARM_Lamont-CF1'],1,['ismn']
11_ARM,37.0694007873535,-97.7605972290039,12.0,300.0,2165,1,['ARM_MapleCity'],1,['ismn']
12_ARM,36.1166000366211,-97.5111999511719,10.0,300.0,2251,1,['ARM_Marshall'],1,['ismn']
13_ARM,36.8190002441406,-97.8199005126953,12.0,300.0,2380,1,['ARM_Medford'],1,['ismn']
14_ARM,36.3735389709473,-97.0690536499023,10.0,300.0,2664,1,['ARM_Morrison'],1,['ismn']
15_ARM,36.9259986877441,-97.0820007324219,12.0,300.0,2474,1,['ARM_Newkirk'],1,['ismn']
16_ARM,35.8800010681152,-98.1729965209961,12.0,300.0,1811,1,['ARM_Omega'],1,['ismn']
17_ARM,36.8409996032715,-96.427001953125,10.0,300.0,2617,1,['ARM_Pawhuska'],1,['ismn']
18_ARM,36.3193702697754,-96.7620315551758,10.0,300.0,891,1,['ARM_Pawnee'],1,['ismn']
19_ARM,36.4309997558594,-98.2839965820312,12.0,300.0,2230,1,['ARM_Ringwood'],1,['ismn']
20_ARM,35.861499786377,-97.0695037841797,10.0,300.0,2142,1,['ARM_Tryon'],1,['ismn']
21_ARM,37.068000793457,-95.7880020141602,10.0,300.0,2461,1,['ARM_Tyro'],1,['ismn']
22_ARM,36.3110008239746,-97.9280014038086,12.0,300.0,2834,1,['ARM_Waukomis'],1,['ismn']
23_Ali,33.39058,79.70346,16.0,200.0,222,1,['Ali_Ali'],1,['collected']
24_Ali,33.43386447875975,79.7465986291504,16.0,200.0,760,2,"['Ali_Ali01', 'NGARI_ALI01']",2,"['collected', 'ismn']"
25_Ali,33.45570778289795,79.63139618286132,16.0,200.0,719,4,"['Ali_Ali02', 'Ali_Ali03', 'NGARI_ALI02', 'NGARI_ALI03']",2,"['collected', 'collected', 'ismn', 'ismn']"
26_BE-Bra,51.30761,4.51984,9.0,300.0,1603,1,['BE-Bra'],1,['fluxnet']
27_BE-Maa,50.979868,5.631851,9.0,300.0,1868,1,['BE-Maa'],1,['fluxnet']
28_BE-Vie,50.30493,5.99812,5.0,300.0,3178,1,['BE-Vie'],1,['fluxnet']
31_Berlin,52.431468963623,13.1213502883911,5.0,300.0,649,1,['Berlin_PSA18Pfaueninsel'],1,['ismn']
32_Berlin,52.421028137207,13.6476001739502,1.0,300.0,1208,1,['Berlin_PSA8MueggelOst'],1,['ismn']
33_Berlin,52.5231513977051,13.143159866333,5.0,300.0,645,1,['Berlin_PflABerlin9'],1,['ismn']
34_CA-Cbo,44.3184,-79.9341,12.0,400.0,1173,1,['CA-Cbo'],1,['fluxnet']
35_CA-LP1,55.1119,-122.8414,1.0,400.0,1815,1,['CA-LP1'],1,['fluxnet']
36_CA-TP1,42.66093611,-80.55951944,12.0,400.0,2442,1,['CA-TP1'],1,['fluxnet']
37_CA-TPD,42.635328,-80.557731,12.0,400.0,2683,1,['CA-TPD'],1,['fluxnet']
38_CD-Ygb,0.814444,24.502472,2.0,100.0,955,1,['CD-Ygb'],1,['fluxnet']
39_COSMOS-UK,51.7080192565918,-1.4787700176239,12.0,300.0,910,1,['COSMOS-UK_ChimneyMeadows'],1,['ismn']
40_COSMOS-UK,55.9414215087891,-4.40354013442993,9.0,300.0,1054,1,['COSMOS-UK_Cochno'],1,['ismn']
41_COSMOS-UK,51.951358795166,-4.74658012390137,9.0,300.0,1953,1,['COSMOS-UK_CwmGarw'],1,['ismn']
42_COSMOS-UK,52.0946502685547,0.993070006370544,12.0,300.0,1734,1,['COSMOS-UK_Elmsett'],1,['ismn']
43_COSMOS-UK,52.3363914489746,0.795920014381409,12.0,300.0,2126,1,['COSMOS-UK_Euston'],1,['ismn']
44_COSMOS-UK,52.6177711486816,0.510730028152466,12.0,300.0,1825,1,['COSMOS-UK_Fincham'],1,['ismn']
45_COSMOS-UK,54.2985000610352,-7.29186010360718,10.0,300.0,1279,1,['COSMOS-UK_Fivemiletown'],1,['ismn']
46_COSMOS-UK,54.8380889892578,-6.00460004806519,9.0,300.0,1554,1,['COSMOS-UK_Glenwherry'],1,['ismn']
47_COSMOS-UK,51.2285614013672,0.320179998874664,9.0,300.0,1515,1,['COSMOS-UK_Hadlow'],1,['ismn']
48_COSMOS-UK,51.2028884887695,-2.0796000957489,9.0,300.0,1688,1,['COSMOS-UK_Heytesbury'],1,['ismn']
49_COSMOS-UK,54.4469985961914,-6.06839990615845,9.0,300.0,870,1,['COSMOS-UK_Hillsborough'],1,['ismn']
50_COSMOS-UK,52.020881652832,-2.66211009025574,12.0,300.0,1522,1,['COSMOS-UK_HolmeLacy'],1,['ismn']
51_COSMOS-UK,52.6101608276367,-0.8264200091362,12.0,300.0,1850,1,['COSMOS-UK_Loddington'],1,['ismn']
52_COSMOS-UK,52.1994094848633,-1.56307995319366,12.0,300.0,1276,1,['COSMOS-UK_MoretonMorrell'],1,['ismn']
53_COSMOS-UK,53.2616500854492,-0.525910019874573,12.0,300.0,2024,1,['COSMOS-UK_Riseholme'],1,['ismn']
54_COSMOS-UK,51.5303192138672,-1.48187005519867,12.0,300.0,890,1,['COSMOS-UK_Sheepdrove'],1,['ismn']
55_COSMOS-UK,53.8688583374023,-1.31886005401611,12.0,300.0,1900,1,['COSMOS-UK_SpenFarm'],1,['ismn']
56_COSMOS-UK,50.828369140625,-2.52788996696472,10.0,300.0,925,1,['COSMOS-UK_Sydling'],1,['ismn']
57_COSMOS-UK,51.8394813537598,-0.948419988155365,9.0,300.0,912,1,['COSMOS-UK_Waddesdon'],1,['ismn']
58_COSMOS-UK,52.1321907043457,-0.0444100014865398,12.0,300.0,1028,1,['COSMOS-UK_Wimpole'],1,['ismn']
59_COSMOS-UK,51.734001159668,0.417899996042252,12.0,300.0,1780,1,['COSMOS-UK_Writtle'],1,['ismn']
60_COSMOS,41.862125396728544,-111.50301361084,10.0,400.0,1393,2,"['COSMOS_DanielForest', 'SNOTEL_UsuDocDaniel']",1,"['ismn', 'ismn']"
61_CR-Fsc,10.4189,-85.4732,12.0,100.0,1079,1,['CR-Fsc'],1,['fluxnet']
62_CTP,31.917999267578097,91.71049880981444,10.0,500.0,301,2,"['CTP_SMTMN_L01', 'CTP_SMTMN_L02']",1,"['ismn', 'ismn']"
63_CTP,31.82450008392335,91.72800064086914,10.0,500.0,289,2,"['CTP_SMTMN_L03', 'CTP_SMTMN_L04-M02']",1,"['ismn', 'ismn']"
64_CTP,31.728499889373776,91.80174827575682,10.0,500.0,303,4,"['CTP_SMTMN_L05-M06', 'CTP_SMTMN_L06-M10', 'CTP_SMTMN_S02', 'CTP_SMTMN_S03']",1,"['ismn', 'ismn', 'ismn', 'ismn']"
65_CTP,31.688428606305788,91.79871586390904,10.0,500.0,315,7,"['CTP_SMTMN_L07-M13', 'CTP_SMTMN_L08-M14', 'CTP_SMTMN_M12-S08', 'CTP_SMTMN_S04', 'CTP_SMTMN_S05', 'CTP_SMTMN_S06', 'CTP_SMTMN_S07']",1,"['ismn', 'ismn', 'ismn', 'ismn', 'ismn', 'ismn', 'ismn']"
66_CTP,31.66100025177,91.76300048828124,10.0,500.0,308,2,"['CTP_SMTMN_L09-M16', 'CTP_SMTMN_M11-S09']",1,"['ismn', 'ismn']"
67_CTP,31.6140003204346,91.7399978637695,10.0,500.0,293,1,['CTP_SMTMN_L10-M17'],1,['ismn']
68_CTP,31.60633341471357,91.8030014038086,10.0,500.0,314,3,"['CTP_SMTMN_L11-M21', 'CTP_SMTMN_M18', 'CTP_SMTMN_M19']",1,"['ismn', 'ismn', 'ismn']"
69_CTP,31.592999458313,91.91400146484376,10.0,500.0,220,2,"['CTP_SMTMN_L12-M22', 'CTP_SMTMN_M20']",1,"['ismn', 'ismn']"
70_CTP,31.5459995269775,91.9850006103516,10.0,500.0,300,1,['CTP_SMTMN_L13'],1,['ismn']
71_CTP,31.4949998855591,92.03350067138668,10.0,500.0,325,2,"['CTP_SMTMN_L14', 'CTP_SMTMN_L15']",1,"['ismn', 'ismn']"
72_CTP,31.4099998474121,91.9710006713867,10.0,500.0,330,1,['CTP_SMTMN_L16'],1,['ismn']
73_CTP,31.35249996185305,92.0084991455078,10.0,500.0,319,2,"['CTP_SMTMN_L17', 'CTP_SMTMN_L18']",1,"['ismn', 'ismn']"
74_CTP,31.27304553985595,92.10965728759766,10.0,500.0,448,2,"['CTP_SMTMN_L19', 'NAQU_NQKema']",1,"['ismn', 'ismn']"
75_CTP,31.2320003509521,92.1640014648438,10.0,500.0,176,1,['CTP_SMTMN_L20'],1,['ismn']
76_CTP,31.1720008850098,92.1969985961914,10.0,500.0,217,1,['CTP_SMTMN_L21'],1,['ismn']
77_CTP,31.11750030517575,92.2794990539551,10.0,500.0,288,2,"['CTP_SMTMN_L22', 'CTP_SMTMN_L23']",1,"['ismn', 'ismn']"
78_CTP,31.67350006103515,92.3735008239746,10.0,500.0,290,2,"['CTP_SMTMN_L26', 'CTP_SMTMN_L27']",1,"['ismn', 'ismn']"
79_CTP,31.5869998931885,92.2409973144531,10.0,500.0,287,1,['CTP_SMTMN_L29'],1,['ismn']
80_CTP,31.5410003662109,92.2060012817383,10.0,500.0,78,1,['CTP_SMTMN_L30'],1,['ismn']
81_CTP,31.496000289917,92.1330032348633,10.0,500.0,267,1,['CTP_SMTMN_L31'],1,['ismn']
82_CTP,31.368126724243165,91.89923026529948,10.0,500.0,872,3,"['CTP_SMTMN_L32', 'NAQU_NQBJ', 'Naqu_Naqu']",2,"['ismn', 'ismn', 'collected']"
83_CTP,31.322451636178165,91.8267460850307,10.0,500.0,599,7,"['CTP_SMTMN_L33', 'NAQU_NQ01', 'NAQU_NQ02', 'NAQU_NQWest', 'Naqu_NQ01', 'Naqu_NQ02', 'Naqu_West']",2,"['ismn', 'ismn', 'ismn', 'ismn', 'collected', 'collected', 'collected']"
84_CTP,31.25434307861327,91.79297209821428,10.0,500.0,853,7,"['CTP_SMTMN_L34', 'NAQU_NQ03', 'NAQU_NQ04', 'NAQU_NQMS', 'Naqu_MS', 'Naqu_NQ03', 'Naqu_NQ04']",2,"['ismn', 'ismn', 'ismn', 'ismn', 'collected', 'collected', 'collected']"
85_CTP,31.1749992370605,91.7600021362305,10.0,500.0,305,1,['CTP_SMTMN_L35'],1,['ismn']
86_CTP,31.10900020599365,91.7070007324219,10.0,500.0,293,2,"['CTP_SMTMN_L36', 'CTP_SMTMN_L37']",1,"['ismn', 'ismn']"
87_CTP,31.0330009460449,91.6790008544922,10.0,500.0,293,1,['CTP_SMTMN_L38'],1,['ismn']
88_CTP,31.7523333231608,91.7403335571289,10.0,500.0,308,3,"['CTP_SMTMN_M01', 'CTP_SMTMN_M05', 'CTP_SMTMN_M07-S01']",1,"['ismn', 'ismn', 'ismn']"
89_CTP,31.8120002746582,91.8209991455078,10.0,500.0,286,2,"['CTP_SMTMN_M03', 'CTP_SMTMN_M04']",1,"['ismn', 'ismn']"
90_CTP,31.7360000610352,91.870002746582,10.0,500.0,210,1,['CTP_SMTMN_M08'],1,['ismn']
91_CTP,31.6709995269775,91.9039993286133,10.0,500.0,301,1,['CTP_SMTMN_M15'],1,['ismn']
93_CW3E,39.3405303955078,-123.16349029541,1.0,300.0,2165,1,['CW3E_BoyesCreekCanyon'],1,['ismn']
94_CW3E,39.2358589172363,-121.406211853027,9.0,300.0,1055,1,['CW3E_BrownsValleySchool'],1,['ismn']
96_CW3E,39.1975708007812,-123.159851074219,8.0,300.0,2294,1,['CW3E_Deerwood'],1,['ismn']
97_CW3E,39.5634002685547,-120.824203491211,1.0,300.0,171,1,['CW3E_Downieville'],1,['ismn']
98_CW3E,34.1585006713867,-117.513801574707,10.0,300.0,270,1,['CW3E_EtiwandaDownstream'],1,['ismn']
99_CW3E,39.9459686279297,-120.969718933105,1.0,400.0,908,1,['CW3E_FeatherRiverCollege'],1,['ismn']
100_CW3E,40.0678215026855,-120.693748474121,1.0,400.0,161,1,['CW3E_HeartKRanch'],1,['ismn']
101_CW3E,39.2676200866699,-123.14720916748,8.0,300.0,1581,1,['CW3E_HellsDelightCanyon'],1,['ismn']
106_CW3E,39.1796684265137,-123.080093383789,8.0,300.0,2236,1,['CW3E_NorthCowMountain'],1,['ismn']
107_CW3E,39.8175010681152,-120.49690246582,9.0,400.0,401,1,['CW3E_Portola'],1,['ismn']
108_CW3E,39.341159820556655,-123.1079711914065,1.0,300.0,2291,2,"['CW3E_PotterValleyCentral', 'CW3E_PotterValleyNorth']",1,"['ismn', 'ismn']"
109_CW3E,39.2851715087891,-123.304748535156,8.0,300.0,255,1,['CW3E_RedwoodValleyPineview'],1,['ismn']
110_CW3E,36.4861297607422,-121.793876647949,10.0,300.0,362,1,['CW3E_SantaLuciaConservatory'],1,['ismn']
111_CW3E,39.4709510803223,-121.091751098633,1.0,300.0,1485,1,['CW3E_SkylineHarvest'],1,['ismn']
113_CW3E,39.2342910766602,-123.004981994629,1.0,300.0,2336,1,['CW3E_WindyGap'],1,['ismn']
114_CW3E,34.0074005126953,-117.091598510742,10.0,300.0,629,1,['CW3E_YucaipaValley'],1,['ismn']
115_CZ-BK1,49.50208,18.53688,5.0,400.0,2401,1,['CZ-BK1'],1,['fluxnet']
116_CZ-Lnz,48.6815483,16.9463317,12.0,400.0,2414,1,['CZ-Lnz'],1,['fluxnet']
118_DE-Geb,51.09973,10.91463,12.0,300.0,1473,1,['DE-Geb'],1,['fluxnet']
119_DE-Har,47.933,7.5981,12.0,300.0,1465,1,['DE-Har'],1,['fluxnet']
120_DE-HoH,52.08656,11.22235,12.0,300.0,3231,1,['DE-HoH'],1,['fluxnet']
121_DE-RuW,50.50492685,6.330962475,5.0,300.0,2688,1,['DE-RuW'],1,['fluxnet']
122_DE-Tha,50.96256,13.56515,12.0,400.0,1790,1,['DE-Tha'],1,['fluxnet']
140_ES-LMa,39.94033,-5.77465,9.0,300.0,1549,1,['ES-LMa'],1,['fluxnet']
142_FI-Var,67.7549,29.61,9.0,400.0,779,1,['FI-Var'],1,['fluxnet']
143_FLUXNET-AMERIFLUX,38.10245728149413,-121.51121584472634,12.0,300.0,2220,3,"['FLUXNET-AMERIFLUX_BouldinIslandAlfalfa', 'FLUXNET-AMERIFLUX_BouldinIslandcorn', 'US-Bi1']",2,"['ismn', 'ismn', 'fluxnet']"
144_FLUXNET-AMERIFLUX,38.04010045776365,-121.7271749816895,12.0,300.0,686,2,"['FLUXNET-AMERIFLUX_ShermanBarn', 'US-Snf']",2,"['ismn', 'fluxnet']"
145_FLUXNET-AMERIFLUX,38.42946923895942,-120.9647132663302,10.0,300.0,2353,18,"['FLUXNET-AMERIFLUX_TonziRanch', 'FLUXNET-AMERIFLUX_VairaRanch', 'SOILSCAPE_node401', 'SOILSCAPE_node403', 'SOILSCAPE_node404', 'SOILSCAPE_node405', 'SOILSCAPE_node406', 'SOILSCAPE_node408', 'SOILSCAPE_node410', 'SOILSCAPE_node412', 'SOILSCAPE_node414', 'SOILSCAPE_node415', 'SOILSCAPE_node416', 'SOILSCAPE_node417', 'SOILSCAPE_node418', 'SOILSCAPE_node419', 'SOILSCAPE_node420', 'US-Var']",2,"['ismn', 'ismn', 'ismn', 'ismn', 'ismn', 'ismn', 'ismn', 'ismn', 'ismn', 'ismn', 'ismn', 'ismn', 'ismn', 'ismn', 'ismn', 'ismn', 'ismn', 'fluxnet']"
146_FMI,68.3302230834961,27.5506896972656,9.0,400.0,1226,2,"['FMI_SAA111', 'FMI_SAA112']",1,"['ismn', 'ismn']"
147_FMI,68.3388137817383,27.5354309082031,9.0,400.0,615,1,['FMI_SAA120'],1,['ismn']
148_FMI,67.3694051106771,26.630790074666333,8.0,400.0,1546,3,"['FMI_SOD011', 'FMI_SOD081', 'FMI_SODAWS']",1,"['ismn', 'ismn', 'ismn']"
150_FMI,67.1528778076172,26.7291393280029,8.0,400.0,1350,1,['FMI_SOD140'],1,['ismn']
151_FR-Aur,43.549649,1.106103,12.0,300.0,2995,1,['FR-Aur'],1,['fluxnet']
152_FR-FBn,43.24079,5.67865,8.0,300.0,569,1,['FR-FBn'],1,['fluxnet']
153_FR-Fon,48.47636,2.7801,12.0,300.0,1544,1,['FR-Fon'],1,['fluxnet']
154_FR-Hes,48.6741,7.06465,5.0,300.0,2731,1,['FR-Hes'],1,['fluxnet']
155_FR-Lqu,45.6444,2.7349,9.0,300.0,527,1,['FR-Lqu'],1,['fluxnet']
156_FR-Lus,46.4142461,0.1206518,12.0,300.0,558,1,['FR-Lus'],1,['fluxnet']
157_FR-Mej,48.1184,-1.79635,12.0,300.0,1159,1,['FR-Mej'],1,['fluxnet']
158_FR,44.4669990539551,-0.726899981498718,8.0,300.0,2349,1,['FR_Aqui_fraye'],1,['ismn']
159_FR,44.4816303253174,-0.762749999761581,8.0,300.0,3142,2,"['FR_Aqui_grandcal', 'FR_Aqui_hillan2']",1,"['ismn', 'ismn']"
160_FR,44.7899017333984,-0.576499998569489,8.0,300.0,2736,1,['FR_Aqui_parcmeteo'],1,['ismn']
161_HOAL,48.15433006286621,15.148502635955795,12.0,400.0,1982,20,"['HOAL_Hoal-01', 'HOAL_Hoal-02', 'HOAL_Hoal-04', 'HOAL_Hoal-06', 'HOAL_Hoal-07', 'HOAL_Hoal-08', 'HOAL_Hoal-09', 'HOAL_Hoal-10', 'HOAL_Hoal-11', 'HOAL_Hoal-12', 'HOAL_Hoal-13', 'HOAL_Hoal-14', 'HOAL_Hoal-15', 'HOAL_Hoal-16', 'HOAL_Hoal-17', 'HOAL_Hoal-21', 'HOAL_Hoal-22', 'HOAL_Hoal-25', 'HOAL_Hoal-29', 'HOAL_Hoal-36']",1,"['ismn', 'ismn', 'ismn', 'ismn', 'ismn', 'ismn', 'ismn', 'ismn', 'ismn', 'ismn', 'ismn', 'ismn', 'ismn', 'ismn', 'ismn', 'ismn', 'ismn', 'ismn', 'ismn', 'ismn']"
162_HOAL,48.1580390930176,15.147310256958,12.0,400.0,892,1,['HOAL_Hoal-05'],1,['ismn']
163_HOBE,55.980233510335296,9.184733390808104,12.0,300.0,1309,3,"['HOBE_1.01', 'HOBE_2.01', 'HOBE_2.03']",1,"['ismn', 'ismn', 'ismn']"
164_HOBE,56.037001037597655,9.1835599899292,12.0,300.0,1313,5,"['HOBE_1.02', 'HOBE_1.03', 'HOBE_1.05', 'HOBE_1.06', 'HOBE_1.10']",1,"['ismn', 'ismn', 'ismn', 'ismn', 'ismn']"
165_HOBE,56.073299407959,9.33370018005371,12.0,300.0,731,1,['HOBE_1.04'],1,['ismn']
166_HOBE,56.04173278808594,9.131866772969564,12.0,300.0,1288,3,"['HOBE_1.07', 'HOBE_1.08', 'HOBE_1.09']",1,"['ismn', 'ismn', 'ismn']"
167_HOBE,55.96923904418946,9.096560096740722,9.0,300.0,1313,5,"['HOBE_2.04', 'HOBE_2.05', 'HOBE_2.06b', 'HOBE_2.09', 'HOBE_2.10']",1,"['ismn', 'ismn', 'ismn', 'ismn', 'ismn']"
174_IT-Ren,46.58686,11.43369,1.0,400.0,651,1,['IT-Ren'],1,['fluxnet']
177_JP-Fhk,35.44355577,138.7646931,5.0,300.0,2963,1,['JP-Fhk'],1,['fluxnet']
178_JP-Nkm,35.808064,137.833883,5.0,400.0,1378,1,['JP-Nkm'],1,['fluxnet']
179_JP-Ta2,36.139722,137.370833,5.0,400.0,2125,1,['JP-Ta2'],1,['fluxnet']
181_JP-Tmd,42.735911,141.523147,4.0,400.0,2271,1,['JP-Tmd'],1,['fluxnet']
183_MAQU,33.85849923706055,102.57079849243148,10.0,400.0,166,2,"['MAQU_NST-10', 'Maqu_NST10']",2,"['ismn', 'collected']"
185_MAQU,34.02330078125,101.9386481018065,10.0,400.0,92,2,"['MAQU_NST-13', 'Maqu_NST13']",2,"['ismn', 'collected']"
186_MAQU,33.89067626953127,102.15832328287767,10.0,400.0,939,3,"['MAQU_NST-21', 'Maqu_NST01', 'Maqu_NST21']",2,"['ismn', 'collected', 'collected']"
187_MAQU,33.9088342590332,102.1361800842285,10.0,400.0,102,2,"['MAQU_NST-22', 'Maqu_NST22']",2,"['ismn', 'collected']"
189_MN-Hst,47.594131,105.856439,10.0,200.0,886,1,['MN-Hst'],1,['fluxnet']
190_MN-Nkh,47.693592,107.489342,10.0,400.0,997,1,['MN-Nkh'],1,['fluxnet']
191_Manaus,-2.609,-60.209,2.0,100.0,295,1,['Manaus'],1,['collected']
192_Maqu,33.903,101.973,10.0,400.0,175,1,['Maqu_CST03'],1,['collected']
193_Maqu,33.768,101.733,10.0,400.0,349,1,['Maqu_CST04'],1,['collected']
196_Maqu,34.006,102.283,10.0,400.0,667,1,['Maqu_NST06'],1,['collected']
198_Maqu,33.97,102.61,10.0,400.0,868,1,['Maqu_NST08'],1,['collected']
200_Maqu,33.999,102.137,10.0,400.0,626,1,['Maqu_NST24'],1,['collected']
201_Maqu,34.015,101.997,10.0,400.0,596,1,['Maqu_NST25'],1,['collected']
202_Maqu,33.656,101.842,10.0,400.0,241,1,['Maqu_NST32'],1,['collected']
203_MonteBuey,-32.97,-62.45,12.0,300.0,750,1,['MonteBuey'],1,['collected']
204_MySMNet,1.947199988365172,103.3793991088866,8.0,100.0,271,5,"['MySMNet_MARDI-L1', 'MySMNet_MARDI-L2', 'MySMNet_MARDI-L4', 'MySMNet_MPOB2012', 'MySMNet_MPOB401']",1,"['ismn', 'ismn', 'ismn', 'ismn', 'ismn']"
205_MySMNet,1.92050004005432,103.4464988708495,8.0,100.0,271,2,"['MySMNet_MPOB-BL1', 'MySMNet_MPOB-BL2']",1,"['ismn', 'ismn']"
206_NAQU,31.3788901824951,91.8687384338379,10.0,500.0,545,2,"['NAQU_NQNorth', 'Naqu_North']",2,"['ismn', 'collected']"
207_NGARI,32.4999866027832,80.03964934814452,16.0,200.0,957,3,"['NGARI_SQ02', 'Shiquanhe_SQ01', 'Shiquanhe_SQ02']",2,"['ismn', 'collected', 'collected']"
208_NGARI,32.5071202693685,79.9637104239909,16.0,200.0,944,3,"['NGARI_SQ03', 'NGARI_SQ06', 'Shiquanhe_SQ03']",2,"['ismn', 'ismn', 'collected']"
209_NGARI,32.55739513671875,79.8390410571289,16.0,200.0,902,2,"['NGARI_SQ08', 'Shiquanhe_SQ08']",2,"['ismn', 'collected']"
210_NGARI,32.43150235229493,80.04862406738283,16.0,200.0,714,4,"['NGARI_SQ10', 'NGARI_SQ16', 'Shiquanhe_SQ10', 'Shiquanhe_SQ16']",2,"['ismn', 'ismn', 'collected', 'collected']"
211_NGARI,32.4518247808838,79.980936796875,16.0,200.0,176,2,"['NGARI_SQ11', 'Shiquanhe_SQ11']",2,"['ismn', 'collected']"
212_NGARI,32.46461419433595,80.16807183837889,16.0,200.0,950,2,"['NGARI_SQ14', 'Shiquanhe_SQ14']",2,"['ismn', 'collected']"
213_NGARI,32.608609122924804,80.06278114379884,16.0,200.0,598,2,"['NGARI_SQ17', 'Shiquanhe_SQ17']",2,"['ismn', 'collected']"
214_NGARI,32.63333064941405,80.03971931396485,16.0,200.0,405,2,"['NGARI_SQ18', 'Shiquanhe_SQ18']",2,"['ismn', 'collected']"
215_NGARI,32.654724560546875,79.95999954223633,16.0,200.0,572,4,"['NGARI_SQ19', 'NGARI_SQ20', 'Shiquanhe_SQ19', 'Shiquanhe_SQ20']",2,"['ismn', 'ismn', 'collected', 'collected']"
216_NGARI,32.7472195428467,79.7969418322754,16.0,200.0,571,2,"['NGARI_SQ21', 'Shiquanhe_SQ21']",2,"['ismn', 'collected']"
217_OZNET,-35.3239517211914,147.534805297852,12.0,300.0,1179,1,['OZNET_Alabama'],1,['ismn']
218_OZNET,-34.6547813415527,146.110275268555,10.0,200.0,771,1,['OZNET_Banandra'],1,['ismn']
219_OZNET,-35.109748840332,145.935531616211,10.0,200.0,1847,1,['OZNET_Bundure'],1,['ismn']
220_OZNET,-35.0053482055664,146.309875488281,10.0,200.0,1261,1,['OZNET_Cheverelis'],1,['ismn']
221_OZNET,-35.389778137207,147.45719909668,12.0,300.0,1401,1,['OZNET_Cox'],1,['ismn']
222_OZNET,-34.7283515930176,146.293167114258,10.0,200.0,1875,1,['OZNET_Dry-Lake'],1,['ismn']
223_OZNET,-34.7194290161133,146.020034790039,10.0,200.0,1692,1,['OZNET_Eulo'],1,['ismn']
224_OZNET,-35.2275009155273,147.485000610352,12.0,200.0,1646,1,['OZNET_Samarra'],1,['ismn']
225_OZNET,-35.2720184326172,147.429016113281,12.0,200.0,1248,1,['OZNET_Silver-Springs'],1,['ismn']
226_OZNET,-35.0695991516113,146.168930053711,10.0,200.0,1797,1,['OZNET_Spring-Bank'],1,['ismn']
227_OZNET,-34.6288795471191,145.84895324707,10.0,200.0,2052,1,['OZNET_Uri-Park'],1,['ismn']
228_OZNET,-35.0902481079102,146.30647277832,10.0,200.0,1882,1,['OZNET_Widgiewa'],1,['ismn']
229_OZNET,-35.3939208984375,147.566177368164,12.0,300.0,1973,1,['OZNET_Wollumbi'],1,['ismn']
230_OZNET,-34.8518295288086,146.115295410156,10.0,200.0,1986,1,['OZNET_Yamma-Road'],1,['ismn']
231_OZNET,-34.9677696228027,146.016326904297,12.0,200.0,1810,1,['OZNET_Yammacoona'],1,['ismn']
232_Pali,28.067985,89.279435,10.0,500.0,1214,2,"['Pali_PL01', 'Pali_PL02']",1,"['collected', 'collected']"
233_Pali,28.003695,89.27412500000001,10.0,500.0,1128,4,"['Pali_PL03', 'Pali_PL04', 'Pali_PL06', 'Pali_PL07']",1,"['collected', 'collected', 'collected', 'collected']"
234_Pali,28.0136,89.24319,10.0,500.0,1177,1,['Pali_PL05'],1,['collected']
235_Pali,27.9411175,89.21209999999999,10.0,500.0,1185,4,"['Pali_PL08', 'Pali_PL09', 'Pali_PL10', 'Pali_PL11']",1,"['collected', 'collected', 'collected', 'collected']"
236_Pali,27.940035,89.12189,10.0,500.0,637,2,"['Pali_PL12', 'Pali_PL24']",1,"['collected', 'collected']"
237_Pali,27.881605,89.18077,10.0,500.0,1211,2,"['Pali_PL13', 'Pali_PL14']",1,"['collected', 'collected']"
238_Pali,27.83313,89.15543,10.0,500.0,1113,1,['Pali_PL15'],1,['collected']
239_Pali,27.7624325,89.14641999999999,10.0,500.0,1197,4,"['Pali_PL16', 'Pali_PL17', 'Pali_PL18', 'Pali_PL19']",1,"['collected', 'collected', 'collected', 'collected']"
240_Pali,27.70264,89.14595,10.0,500.0,885,1,['Pali_PL20'],1,['collected']
241_Quebec,56.55308,76.47258,8.0,400.0,1052,1,['Quebec_Forest'],1,['collected']
243_REMEDHUS,41.1960296630859,-5.35997009277344,12.0,200.0,3040,1,['REMEDHUS_Canizal'],1,['ismn']
244_REMEDHUS,41.28543090820315,-5.378074884414669,12.0,200.0,3200,2,"['REMEDHUS_Carretoro', 'REMEDHUS_Granja-g']",1,"['ismn', 'ismn']"
245_REMEDHUS,41.3939208984375,-5.32145977020264,12.0,200.0,3165,1,['REMEDHUS_CasaPeriles'],1,['ismn']
246_REMEDHUS,41.29277992248535,-5.273535013198855,12.0,200.0,3201,2,"['REMEDHUS_ConcejodelMonte', 'REMEDHUS_LaCruzdeElias']",1,"['ismn', 'ismn']"
247_REMEDHUS,41.365110397338896,-5.459745168685915,10.0,200.0,3127,2,"['REMEDHUS_ElCoto', 'REMEDHUS_ElTomillar']",1,"['ismn', 'ismn']"
248_REMEDHUS,41.2891998291016,-5.46713018417358,12.0,200.0,2800,1,['REMEDHUS_Guarrati'],1,['ismn']
249_REMEDHUS,41.1489410400391,-5.39757013320923,12.0,200.0,919,1,['REMEDHUS_LaAtalaya'],1,['ismn']
250_REMEDHUS,41.3733787536621,-5.54850006103516,12.0,200.0,3134,1,['REMEDHUS_LasArenas'],1,['ismn']
251_REMEDHUS,41.19405937194825,-5.446329832077025,12.0,200.0,3190,2,"['REMEDHUS_LasBodegas', 'REMEDHUS_LasEritas']",1,"['ismn', 'ismn']"
252_REMEDHUS,41.4511756896973,-5.38484978675842,7.0,200.0,3176,2,"['REMEDHUS_LasBrozas', 'REMEDHUS_Paredinas']",1,"['ismn', 'ismn']"
253_REMEDHUS,41.3470916748047,-5.22474002838135,12.0,200.0,3128,1,['REMEDHUS_LasVacas'],1,['ismn']
255_REMEDHUS,41.2392311096191,-5.54427003860474,12.0,200.0,3181,1,['REMEDHUS_Zamarron'],1,['ismn']
256_RISMA,49.9753608703613,-97.3482894897461,12.0,400.0,835,1,['RISMA_MB10'],1,['ismn']
258_RISMA,49.4925003051758,-97.9337387084961,12.0,400.0,916,1,['RISMA_MB2'],1,['ismn']
260_RISMA,45.4015998840332,-74.9478988647461,12.0,400.0,877,1,['RISMA_ON2'],1,['ismn']
261_RISMA,45.3358116149902,-74.9341812133789,12.0,400.0,580,1,['RISMA_ON6'],1,['ismn']
262_RISMA,51.33493995666505,-106.564422607422,12.0,400.0,892,2,"['RISMA_SK1', 'RISMA_SK2']",1,"['ismn', 'ismn']"
263_RISMA,51.3816413879395,-106.415832519531,12.0,400.0,838,1,['RISMA_SK4'],1,['ismn']
264_RSMN,44.0882911682129,27.9659099578857,12.0,200.0,84,1,['RSMN_Adamclisi'],1,['ismn']
266_RSMN,46.2331314086914,27.644380569458,12.0,400.0,2438,1,['RSMN_Barlad'],1,['ismn']
267_RSMN,44.2057189941406,27.3385200500488,12.0,300.0,2715,1,['RSMN_Calarasi'],1,['ismn']
268_RSMN,44.7344398498535,28.3422508239746,12.0,200.0,1033,1,['RSMN_Corugea'],1,['ismn']
269_RSMN,47.3582992553711,26.9254608154297,12.0,400.0,2388,1,['RSMN_Cotnari'],1,['ismn']
270_RSMN,48.1947708129883,26.5732498168945,12.0,400.0,2238,1,['RSMN_Darabani'],1,['ismn']
271_RSMN,46.2278594970703,24.591609954834,9.0,400.0,1380,1,['RSMN_Dumbraveni'],1,['ismn']
272_RSMN,47.1631507873535,27.6254596710205,12.0,400.0,2515,1,['RSMN_Iasi'],1,['ismn']
273_RSMN,44.1071090698242,24.9787197113037,12.0,400.0,2257,1,['RSMN_RosioriideVede'],1,['ismn']
274_RSMN,46.0715599060059,20.6015892028809,12.0,300.0,1453,1,['RSMN_SannicolauMare'],1,['ismn']
275_RSMN,44.5527801513672,27.3837299346924,12.0,400.0,771,1,['RSMN_Slobozia'],1,['ismn']
276_RSMN,45.8416404724121,27.4090099334717,12.0,400.0,2128,1,['RSMN_Tecuci'],1,['ismn']
277_Rana,20.217870833333333,85.56713666666667,12.0,100.0,56,12,"['Rana_site1', 'Rana_site10', 'Rana_site2', 'Rana_site3', 'Rana_site4', 'Rana_site41', 'Rana_site5', 'Rana_site6', 'Rana_site7', 'Rana_site8', 'Rana_site83', 'Rana_site9']",1,"['collected', 'collected', 'collected', 'collected', 'collected', 'collected', 'collected', 'collected', 'collected', 'collected', 'collected', 'collected']"
278_Rana,20.2905575,85.559335,12.0,100.0,56,8,"['Rana_site11', 'Rana_site12', 'Rana_site13', 'Rana_site14', 'Rana_site15', 'Rana_site32', 'Rana_site34', 'Rana_site35']",1,"['collected', 'collected', 'collected', 'collected', 'collected', 'collected', 'collected', 'collected']"
279_Rana,20.36541666666667,85.56456750000001,12.0,100.0,56,12,"['Rana_site16', 'Rana_site17', 'Rana_site18', 'Rana_site23', 'Rana_site24', 'Rana_site25', 'Rana_site26', 'Rana_site27', 'Rana_site28', 'Rana_site29', 'Rana_site30', 'Rana_site31']",1,"['collected', 'collected', 'collected', 'collected', 'collected', 'collected', 'collected', 'collected', 'collected', 'collected', 'collected', 'collected']"
280_Rana,20.38212,85.6147,12.0,100.0,56,1,['Rana_site19'],1,['collected']
281_Rana,20.40571333333333,85.59556333333335,12.0,100.0,56,3,"['Rana_site20', 'Rana_site21', 'Rana_site22']",1,"['collected', 'collected', 'collected']"
282_Rana,20.266869,85.476128,12.0,100.0,56,10,"['Rana_site33', 'Rana_site36', 'Rana_site66', 'Rana_site67', 'Rana_site68', 'Rana_site69', 'Rana_site70', 'Rana_site71', 'Rana_site72', 'Rana_site73']",1,"['collected', 'collected', 'collected', 'collected', 'collected', 'collected', 'collected', 'collected', 'collected', 'collected']"
283_Rana,20.22148529411765,85.47459470588235,12.0,100.0,56,17,"['Rana_site37', 'Rana_site38', 'Rana_site39', 'Rana_site40', 'Rana_site54', 'Rana_site55', 'Rana_site64', 'Rana_site65', 'Rana_site74', 'Rana_site75', 'Rana_site76', 'Rana_site77', 'Rana_site78', 'Rana_site79', 'Rana_site80', 'Rana_site81', 'Rana_site82']",1,"['collected', 'collected', 'collected', 'collected', 'collected', 'collected', 'collected', 'collected', 'collected', 'collected', 'collected', 'collected', 'collected', 'collected', 'collected', 'collected', 'collected']"
284_Rana,20.160422,85.549664,12.0,100.0,56,5,"['Rana_site42', 'Rana_site43', 'Rana_site44', 'Rana_site45', 'Rana_site46']",1,"['collected', 'collected', 'collected', 'collected', 'collected']"
285_Rana,20.16014833333333,85.47094166666666,12.0,100.0,56,6,"['Rana_site47', 'Rana_site48', 'Rana_site49', 'Rana_site50', 'Rana_site51', 'Rana_site52']",1,"['collected', 'collected', 'collected', 'collected', 'collected', 'collected']"
286_Rana,20.2225725,85.40953,12.0,100.0,56,8,"['Rana_site53', 'Rana_site56', 'Rana_site57', 'Rana_site58', 'Rana_site59', 'Rana_site60', 'Rana_site61', 'Rana_site62']",1,"['collected', 'collected', 'collected', 'collected', 'collected', 'collected', 'collected', 'collected']"
287_Rana,20.25437,85.41849,12.0,100.0,56,1,['Rana_site63'],1,['collected']
289_SCAN,37.1313018798828,-97.0858993530273,12.0,300.0,557,1,['SCAN_Abrams'],1,['ismn']
290_SCAN,32.2529602050781,-105.419746398926,7.0,200.0,321,1,['SCAN_AdamsRanch#1'],1,['ismn']
291_SCAN,37.6745491027832,-109.364288330078,10.0,200.0,2316,1,['SCAN_AlkaliMesa'],1,['ismn']
292_SCAN,41.0520401000977,-120.687202453613,10.0,200.0,1336,1,['SCAN_AshValley'],1,['ismn']
293_SCAN,41.9353103637695,-112.433601379395,10.0,200.0,1957,1,['SCAN_BlueCreek'],1,['ismn']
294_SCAN,40.8795890808105,-119.953399658203,10.0,200.0,1070,1,['SCAN_Buckhorn'],1,['ismn']
295_SCAN,41.3436317443848,-111.187980651855,10.0,200.0,1696,1,['SCAN_BuffaloJump'],1,['ismn']
296_SCAN,35.1666717529297,-102.099998474121,10.0,200.0,668,1,['SCAN_Bushland#1'],1,['ismn']
297_SCAN,39.2285003662109,-92.1194229125977,12.0,400.0,2047,1,['SCAN_CMRBLTAR-MO'],1,['ismn']
298_SCAN,40.83272988891604,-104.732203885905,10.0,200.0,2240,3,"['SCAN_CPER', 'SCAN_Nunn#1', 'US-xCP']",2,"['ismn', 'ismn', 'fluxnet']"
299_SCAN,41.8156814575195,-111.980430603027,10.0,200.0,1273,1,['SCAN_CacheJunction'],1,['ismn']
300_SCAN,59.4242515563965,-161.163543701172,10.0,400.0,348,1,['SCAN_CanyonLake'],1,['ismn']
301_SCAN,37.3552398681641,-113.123413085938,10.0,200.0,1370,1,['SCAN_CaveValley'],1,['ismn']
303_SCAN,36.3700294494629,-115.8008728027345,10.0,200.0,2456,2,"['SCAN_Charkiln', 'SCAN_TroughSprings']",1,"['ismn', 'ismn']"
304_SCAN,41.3313598632812,-111.303596496582,10.0,400.0,1565,1,['SCAN_ChickenRidge'],1,['ismn']
305_SCAN,38.1513290405273,-112.251220703125,10.0,200.0,1691,1,['SCAN_Circleville'],1,['ismn']
306_SCAN,35.1180686950684,-119.596076965332,10.0,200.0,3144,1,['SCAN_CochoraRanch'],1,['ismn']
307_SCAN,48.3045310974121,-111.923629760742,10.0,200.0,491,1,['SCAN_ConradAgRc'],1,['ismn']
308_SCAN,46.7837295532227,-117.080078125,12.0,400.0,1640,1,['SCAN_CookFarmFieldD'],1,['ismn']
309_SCAN,33.5351295471191,-103.241996765137,10.0,200.0,1506,1,['SCAN_Crossroads'],1,['ismn']
310_SCAN,33.1076812744141,-88.3100280761719,8.0,300.0,712,1,['SCAN_DeeRiverRanch'],1,['ismn']
311_SCAN,37.3722190856934,-117.973831176758,16.0,200.0,2450,1,['SCAN_DeepSprings'],1,['ismn']
312_SCAN,33.8020782470703,-115.305053710938,16.0,200.0,1563,1,['SCAN_DesertCenter'],1,['ismn']
313_SCAN,36.7833290100098,-89.9333267211914,12.0,300.0,709,1,['SCAN_Dexter'],1,['ismn']
314_SCAN,37.6342315673828,-118.826431274414,10.0,400.0,1680,1,['SCAN_DoeRidge'],1,['ismn']
315_SCAN,40.6175003051758,-120.724716186523,10.0,400.0,1436,1,['SCAN_EagleLake'],1,['ismn']
316_SCAN,37.7785301208496,-109.171928405762,10.0,200.0,2017,1,['SCAN_Eastland'],1,['ismn']
317_SCAN,37.633430480957,-113.643241882324,10.0,200.0,1346,1,['SCAN_Enterprise'],1,['ismn']
318_SCAN,39.3679809570312,-111.578033447266,10.0,200.0,1742,1,['SCAN_Ephraim'],1,['ismn']
319_SCAN,48.4833297729492,-109.800003051758,10.0,200.0,191,1,['SCAN_FortAssiniboine#1'],1,['ismn']
320_SCAN,35.5499992370605,-98.0166702270508,12.0,300.0,320,1,['SCAN_FortReno#1'],1,['ismn']
323_SCAN,39.0182495117188,-110.162643432617,10.0,200.0,2129,1,['SCAN_GreenRiver'],1,['ismn']
324_SCAN,41.7784614562988,-113.82048034668,10.0,200.0,1771,1,['SCAN_GrouseCreek'],1,['ismn']
326_SCAN,34.4448013305664,-86.1655731201172,9.0,300.0,876,1,['SCAN_Hodges'],1,['ismn']
327_SCAN,39.1921615600586,-112.401550292969,10.0,200.0,2125,1,['SCAN_Holden'],1,['ismn']
328_SCAN,43.948429107666,-71.7264404296875,4.0,400.0,1937,1,['SCAN_HubbardBrook'],1,['ismn']
329_SCAN,42.9486312866211,-117.010597229004,10.0,200.0,496,1,['SCAN_JordanValleyCwma'],1,['ismn']
330_SCAN,32.56929933166505,-106.667483215332,7.0,200.0,2697,2,"['SCAN_JornadaExpRange', 'US-Jo1']",2,"['ismn', 'fluxnet']"
331_SCAN,19.9147491455078,-155.591018676758,10.0,300.0,1995,1,['SCAN_KemoleGulch'],1,['ismn']
332_SCAN,27.5494499206543,-97.8822326660156,10.0,200.0,1549,1,['SCAN_Kingsville'],1,['ismn']
333_SCAN,33.4463500976562,-99.866569519043,12.0,200.0,2469,1,['SCAN_KnoxCity'],1,['ismn']
334_SCAN,20.0955009460449,-155.508636474609,2.0,100.0,937,1,['SCAN_Kukuihaele'],1,['ismn']
336_SCAN,33.6264686584473,-102.745300292969,10.0,200.0,366,1,['SCAN_Lehman'],1,['ismn']
337_SCAN,33.5512504577637,-102.373916625977,12.0,200.0,2355,1,['SCAN_Levelland'],1,['ismn']
338_SCAN,47.0,-118.566673278809,10.0,200.0,2406,1,['SCAN_Lind#1'],1,['ismn']
339_SCAN,47.2141494750977,-105.187019348145,10.0,200.0,210,1,['SCAN_Lindsay'],1,['ismn']
340_SCAN,32.6080017089844,-88.1974334716797,8.0,300.0,740,1,['SCAN_Livingston-UWA'],1,['ismn']
341_SCAN,34.7714996337891,-106.762878417969,7.0,200.0,2056,1,['SCAN_LosLunasPMC'],1,['ismn']
342_SCAN,36.1655502319336,-115.611953735352,10.0,200.0,2398,1,['SCAN_LovellSummit'],1,['ismn']
343_SCAN,40.0924682617188,-118.493446350098,10.0,200.0,2049,1,['SCAN_LovelockNNR'],1,['ismn']
344_SCAN,40.6666717529297,-76.6666717529297,4.0,400.0,662,1,['SCAN_MahantangoCk'],1,['ismn']
345_SCAN,37.1864013671875,-86.0409317016602,4.0,300.0,723,1,['SCAN_MammothCave'],1,['ismn']
346_SCAN,19.956579208374,-155.535171508789,10.0,300.0,2397,1,['SCAN_ManaHouse'],1,['ismn']
347_SCAN,38.3664894104004,-112.642906188965,10.0,200.0,1826,1,['SCAN_Manderfield'],1,['ismn']
348_SCAN,37.7776718139648,-118.4208984375,10.0,200.0,2172,1,['SCAN_MarbleCreek'],1,['ismn']
349_SCAN,40.3166694641113,-89.9000015258789,12.0,400.0,249,1,['SCAN_Mason#1'],1,['ismn']
350_SCAN,37.4467086791992,-109.337760925293,7.0,200.0,2504,1,['SCAN_MccrackenMesa'],1,['ismn']
351_SCAN,38.3419609069824,-113.010528564453,10.0,200.0,2067,1,['SCAN_Milford'],1,['ismn']
352_SCAN,36.5441703796387,-120.554626464844,10.0,200.0,3177,1,['SCAN_MonoclineRidge'],1,['ismn']
353_SCAN,40.9999008178711,-111.685546875,10.0,200.0,1763,1,['SCAN_Morgan'],1,['ismn']
355_SCAN,40.372631072998,-110.406021118164,10.0,200.0,1833,1,['SCAN_MountainHome'],1,['ismn']
356_SCAN,37.0666694641113,-93.8833312988281,14.0,300.0,337,1,['SCAN_MtVernon'],1,['ismn']
357_SCAN,58.6728210449219,-156.569625854492,9.0,400.0,365,1,['SCAN_NaknekRiver'],1,['ismn']
358_SCAN,39.6455383300781,-111.87043762207,10.0,200.0,2005,1,['SCAN_Nephi'],1,['ismn']
359_SCAN,32.997200012207,-91.059928894043,12.0,300.0,718,1,['SCAN_NorthIssaquena'],1,['ismn']
360_SCAN,41.7731781005859,-113.285957336426,10.0,200.0,1956,1,['SCAN_ParkValley'],1,['ismn']
361_SCAN,36.5728492736816,-115.204223632812,7.0,200.0,2045,1,['SCAN_PineNut'],1,['ismn']
362_SCAN,38.8666687011719,-94.033332824707,9.0,400.0,515,1,['SCAN_PowellGardens'],1,['ismn']
363_SCAN,30.0833301544189,-95.9833297729492,10.0,300.0,445,1,['SCAN_PrairieView#1'],1,['ismn']
364_SCAN,19.7926406860352,-155.331832885742,2.0,300.0,691,1,['SCAN_PuaAkala'],1,['ismn']
366_SCAN,33.6153602600098,-102.038688659668,12.0,200.0,2467,1,['SCAN_ReeseCenter'],1,['ismn']
367_SCAN,40.7166709899902,-77.9333267211914,4.0,400.0,597,1,['SCAN_RockSpringsPa'],1,['ismn']
368_SCAN,40.8499984741211,-96.466667175293,12.0,400.0,457,1,['SCAN_RogersFarm#1'],1,['ismn']
369_SCAN,40.6369705200195,-115.221199035645,10.0,200.0,729,1,['SCAN_Ruby'],1,['ismn']
370_SCAN,33.6196212768555,-91.1018371582031,12.0,300.0,889,1,['SCAN_Scott'],1,['ismn']
371_SCAN,29.1000003814697,-81.6333312988281,2.0,300.0,3058,1,['SCAN_SellersLake#1'],1,['ismn']
372_SCAN,35.4660682678223,-115.715103149414,7.0,200.0,1539,1,['SCAN_ShadowMtns'],1,['ismn']
377_SCAN,37.5146789550781,-111.26188659668,7.0,200.0,2375,1,['SCAN_Spooky'],1,['ismn']
379_SCAN,33.4709396362305,-88.7805099487305,8.0,300.0,752,1,['SCAN_Starkville'],1,['ismn']
380_SCAN,34.9701805114746,-119.478309631348,10.0,200.0,2329,1,['SCAN_Stubblefield'],1,['ismn']
381_SCAN,34.1797294616699,-87.4561767578125,8.0,300.0,2775,1,['SCAN_SudduthFarms'],1,['ismn']
382_SCAN,41.7961807250977,-81.076530456543,8.0,400.0,1408,1,['SCAN_SunleafNursery'],1,['ismn']
383_SCAN,35.8666687011719,-76.6500015258789,8.0,300.0,388,1,['SCAN_Tidewater#1'],1,['ismn']
384_SCAN,42.0666694641113,-104.133331298828,10.0,200.0,201,1,['SCAN_Torrington#1'],1,['ismn']
385_SCAN,39.2372398376465,-113.458656311035,10.0,200.0,2167,1,['SCAN_TuleValley'],1,['ismn']
386_SCAN,34.676399230957,-90.4114227294922,12.0,300.0,843,1,['SCAN_Tunica'],1,['ismn']
387_SCAN,36.9902381896973,-91.3094329833984,4.0,300.0,1772,1,['SCAN_TwinPinesConservationArea'],1,['ismn']
389_SCAN,34.7849006652832,-90.8176879882812,12.0,300.0,686,1,['SCAN_Uapb-Marianna'],1,['ismn']
390_SCAN,34.251880645752,-92.0263214111328,8.0,300.0,1398,1,['SCAN_UapbCampus-PB'],1,['ismn']
391_SCAN,34.2778816223145,-91.3501663208008,12.0,300.0,344,1,['SCAN_UapbDewitt'],1,['ismn']
392_SCAN,35.2084197998047,-92.9246215820312,12.0,300.0,2218,1,['SCAN_UapbPointRemove'],1,['ismn']
393_SCAN,29.2157802581787,-99.7551727294922,10.0,200.0,2453,1,['SCAN_Uvalde'],1,['ismn']
394_SCAN,36.4597587585449,-120.706008911133,7.0,300.0,525,1,['SCAN_Vallecitos'],1,['ismn']
395_SCAN,30.2999992370605,-84.4166717529297,2.0,300.0,2267,1,['SCAN_Wakulla#1'],1,['ismn']
396_SCAN,31.74269363586426,-110.052449523112,10.0,200.0,3053,15,"['SCAN_WalnutGulch#1', 'SOILSCAPE_Lucky-Hills-1502', 'SOILSCAPE_Lucky-Hills-1503', 'SOILSCAPE_Lucky-Hills-1504', 'SOILSCAPE_Lucky-Hills-1505', 'SOILSCAPE_Lucky-Hills-1506', 'SOILSCAPE_Lucky-Hills-1507', 'SOILSCAPE_node1500', 'SOILSCAPE_node1501', 'SOILSCAPE_node1502', 'SOILSCAPE_node1504', 'SOILSCAPE_node1505', 'SOILSCAPE_node1506', 'SOILSCAPE_node1507', 'US-Whs']",2,"['ismn', 'ismn', 'ismn', 'ismn', 'ismn', 'ismn', 'ismn', 'ismn', 'ismn', 'ismn', 'ismn', 'ismn', 'ismn', 'ismn', 'fluxnet']"
397_SCAN,59.1342315673828,-159.092819213867,9.0,400.0,353,1,['SCAN_WearyLake'],1,['ismn']
398_SCAN,26.1555309295654,-97.9592666625977,12.0,200.0,415,1,['SCAN_Weslaco'],1,['ismn']
399_SCAN,38.0139389038086,-109.127449035645,10.0,200.0,567,1,['SCAN_WestSummit'],1,['ismn']
400_SCAN,33.533821105957,-103.630966186523,10.0,200.0,2505,1,['SCAN_WillowWells'],1,['ismn']
401_SCAN,34.9000015258789,-86.533332824707,9.0,300.0,788,1,['SCAN_Wtars'],1,['ismn']
402_SCAN,32.6666717529297,-81.1999969482422,8.0,300.0,2807,1,['SCAN_YoumansFarm'],1,['ismn']
403_SD,13.2828998565674,30.4783000946045,10.0,200.0,1940,1,['SD_DEM_Demokeya'],1,['ismn']
404_SE-Htm,56.09763,13.41897,5.0,400.0,2478,1,['SE-Htm'],1,['fluxnet']
405_SMAPVEX,42.52565428571428,-72.18848857142856,4.0,400.0,732,7,"['SMAPVEX_401', 'SMAPVEX_402', 'SMAPVEX_403', 'SMAPVEX_404', 'SMAPVEX_405', 'SMAPVEX_417', 'SMAPVEX_424']",1,"['collected', 'collected', 'collected', 'collected', 'collected', 'collected', 'collected']"
406_SMAPVEX,42.41567666666666,-72.11833333333333,4.0,400.0,660,3,"['SMAPVEX_406', 'SMAPVEX_414', 'SMAPVEX_416']",1,"['collected', 'collected', 'collected']"
407_SMAPVEX,42.559151,-71.954755,4.0,400.0,614,1,['SMAPVEX_407'],1,['collected']
408_SMAPVEX,42.64611,-72.168315,5.0,400.0,656,2,"['SMAPVEX_408', 'SMAPVEX_412']",1,"['collected', 'collected']"
409_SMAPVEX,42.650670000000005,-72.138575,5.0,400.0,641,2,"['SMAPVEX_409', 'SMAPVEX_410']",1,"['collected', 'collected']"
410_SMAPVEX,42.68092,-72.01332,5.0,400.0,648,1,['SMAPVEX_411'],1,['collected']
411_SMAPVEX,42.40514,-71.966715,4.0,400.0,637,2,"['SMAPVEX_413', 'SMAPVEX_422']",1,"['collected', 'collected']"
412_SMAPVEX,42.402125,-72.195465,4.0,400.0,603,2,"['SMAPVEX_415', 'SMAPVEX_423']",1,"['collected', 'collected']"
413_SMAPVEX,42.66071,-72.14417,5.0,400.0,593,1,['SMAPVEX_418'],1,['collected']
414_SMAPVEX,42.62835,-72.02762,5.0,400.0,654,1,['SMAPVEX_419'],1,['collected']
415_SMAPVEX,42.489415,-72.109045,4.0,400.0,628,2,"['SMAPVEX_420', 'SMAPVEX_421']",1,"['collected', 'collected']"
416_SMAPVEX,41.941017,-73.49616,4.0,400.0,698,2,"['SMAPVEX_501', 'SMAPVEX_502']",1,"['collected', 'collected']"
417_SMAPVEX,41.9450425,-73.59694,4.0,400.0,765,4,"['SMAPVEX_503', 'SMAPVEX_504', 'SMAPVEX_505', 'SMAPVEX_506']",1,"['collected', 'collected', 'collected', 'collected']"
418_SMAPVEX,41.8385,-73.50703,8.0,400.0,704,1,['SMAPVEX_507'],1,['collected']
419_SMAPVEX,41.84381,-73.61859333333335,8.0,400.0,697,3,"['SMAPVEX_508', 'SMAPVEX_518', 'SMAPVEX_520']",1,"['collected', 'collected', 'collected']"
420_SMAPVEX,41.7709063503418,-73.73564255175782,4.0,400.0,2337,5,"['SMAPVEX_509', 'SMAPVEX_510', 'SMAPVEX_524', 'SMAPVEX_525', 'USCRN_Millbrook-3-W']",2,"['collected', 'collected', 'collected', 'collected', 'ismn']"
421_SMAPVEX,41.802,-73.6272,4.0,400.0,574,1,['SMAPVEX_511'],1,['collected']
422_SMAPVEX,41.93949666666666,-73.73478666666666,4.0,400.0,704,3,"['SMAPVEX_512', 'SMAPVEX_513', 'SMAPVEX_514']",1,"['collected', 'collected', 'collected']"
423_SMAPVEX,41.883715,-73.774535,4.0,400.0,672,2,"['SMAPVEX_515', 'SMAPVEX_516']",1,"['collected', 'collected']"
424_SMAPVEX,41.81892,-73.66515,4.0,400.0,682,1,['SMAPVEX_517'],1,['collected']
425_SMAPVEX,41.71343,-73.63094,4.0,400.0,694,1,['SMAPVEX_519'],1,['collected']
426_SMAPVEX,41.757920000000006,-73.51630666666667,4.0,400.0,696,3,"['SMAPVEX_521', 'SMAPVEX_522', 'SMAPVEX_523']",1,"['collected', 'collected', 'collected']"
427_SMN-SDR,41.5507583618164,115.538848876953,10.0,400.0,227,1,['SMN-SDR_L1'],1,['ismn']
428_SMN-SDR,41.7469100952148,115.945083618164,10.0,400.0,212,1,['SMN-SDR_L10'],1,['ismn']
429_SMN-SDR,42.4119682312012,116.222709655762,10.0,400.0,210,1,['SMN-SDR_L11'],1,['ismn']
430_SMN-SDR,42.4012107849121,116.367782592773,10.0,400.0,211,1,['SMN-SDR_L12'],1,['ismn']
432_SMN-SDR,41.5744285583496,116.437408447266,10.0,400.0,216,1,['SMN-SDR_L14'],1,['ismn']
433_SMN-SDR,41.7800712585449,115.603141784668,10.0,400.0,222,1,['SMN-SDR_L2'],1,['ismn']
435_SMN-SDR,42.2576103210449,115.689712524414,10.0,400.0,169,1,['SMN-SDR_L4'],1,['ismn']
436_SMN-SDR,42.4197387695312,115.742813110352,10.0,400.0,213,1,['SMN-SDR_L5'],1,['ismn']
437_SMN-SDR,41.8029518127441,116.333297729492,10.0,400.0,217,1,['SMN-SDR_L6'],1,['ismn']
438_SMN-SDR,42.2140884399414,116.342376708984,10.0,400.0,114,1,['SMN-SDR_L7'],1,['ismn']
439_SMN-SDR,41.9553108215332,116.361030578613,10.0,400.0,219,1,['SMN-SDR_L8'],1,['ismn']
440_SMN-SDR,41.7447395324707,116.087341308594,10.0,400.0,211,1,['SMN-SDR_L9'],1,['ismn']
441_SMN-SDR,41.9655685424805,115.855926513672,10.0,400.0,219,1,['SMN-SDR_M1'],1,['ismn']
442_SMN-SDR,42.3025703430176,116.242752075195,10.0,400.0,231,1,['SMN-SDR_M10'],1,['ismn']
443_SMN-SDR,42.1689300537109,116.13948059082,10.0,400.0,258,1,['SMN-SDR_M11'],1,['ismn']
444_SMN-SDR,42.0251007080078,116.176597595215,10.0,400.0,230,1,['SMN-SDR_M12'],1,['ismn']
445_SMN-SDR,42.105281829834,115.809440612793,10.0,400.0,229,1,['SMN-SDR_M2'],1,['ismn']
446_SMN-SDR,41.9497184753418,116.082496643066,10.0,400.0,233,1,['SMN-SDR_M3'],1,['ismn']
447_SMN-SDR,42.0959587097168,116.185508728027,10.0,400.0,213,1,['SMN-SDR_M4'],1,['ismn']
448_SMN-SDR,42.1855506896973,116.18824005127,10.0,400.0,259,1,['SMN-SDR_M5'],1,['ismn']
449_SMN-SDR,42.1867980957031,115.938743591309,10.0,400.0,211,1,['SMN-SDR_M6'],1,['ismn']
450_SMN-SDR,42.1769790649414,115.96817779541,10.0,400.0,260,1,['SMN-SDR_M7'],1,['ismn']
451_SMN-SDR,42.3063888549805,115.888610839844,10.0,400.0,144,1,['SMN-SDR_M8'],1,['ismn']
452_SMN-SDR,42.3055381774902,116.070373535156,10.0,200.0,228,1,['SMN-SDR_M9'],1,['ismn']
453_SMN-SDR,42.04416513442994,115.90836715698262,10.0,400.0,261,8,"['SMN-SDR_S1', 'SMN-SDR_S2', 'SMN-SDR_S3', 'SMN-SDR_S4', 'SMN-SDR_S5', 'SMN-SDR_S6', 'SMN-SDR_S7', 'SMN-SDR_S8']",1,"['ismn', 'ismn', 'ismn', 'ismn', 'ismn', 'ismn', 'ismn', 'ismn']"
454_SMOSMANIA,44.6660003662109,4.15983009338379,8.0,300.0,2650,1,['SMOSMANIA_Barnas'],1,['ismn']
455_SMOSMANIA,44.6283302307129,4.56666994094849,9.0,300.0,2084,1,['SMOSMANIA_Berzeme'],1,['ismn']
456_SMOSMANIA,43.8836708068848,5.16483020782471,9.0,300.0,3126,1,['SMOSMANIA_CabrieresdAvignon'],1,['ismn']
457_SMOSMANIA,43.9743995666504,0.33610001206398,12.0,300.0,3074,1,['SMOSMANIA_Condom'],1,['ismn']
458_SMOSMANIA,43.9935989379883,-0.046900000423193,14.0,300.0,3003,1,['SMOSMANIA_CreondArmagnac'],1,['ismn']
459_SMOSMANIA,44.2430000305176,4.01016998291016,5.0,300.0,3076,1,['SMOSMANIA_LaGrandCombe'],1,['ismn']
460_SMOSMANIA,43.5471992492676,0.887799978256226,12.0,300.0,2338,1,['SMOSMANIA_Lahas'],1,['ismn']
461_SMOSMANIA,44.733829498291,4.08382987976074,8.0,400.0,2642,1,['SMOSMANIA_Mazan-Abbaye'],1,['ismn']
462_SMOSMANIA,43.1921997070312,1.64359998703003,12.0,300.0,2960,1,['SMOSMANIA_Montaut'],1,['ismn']
463_SMOSMANIA,42.9599990844727,2.52999997138977,8.0,300.0,3077,1,['SMOSMANIA_Mouthoumet'],1,['ismn']
464_SMOSMANIA,43.1500015258789,2.95670008659363,9.0,300.0,3191,1,['SMOSMANIA_Narbonne'],1,['ismn']
465_SMOSMANIA,43.6664009094238,0.221699997782707,12.0,300.0,2926,1,['SMOSMANIA_PeyrusseGrande'],1,['ismn']
466_SMOSMANIA,43.4383316040039,3.40333008766174,9.0,300.0,3096,2,"['SMOSMANIA_Pezenas', 'SMOSMANIA_Pezenas-old']",1,"['ismn', 'ismn']"
467_SMOSMANIA,44.1474990844727,-0.845600008964539,8.0,300.0,2783,1,['SMOSMANIA_Sabres'],1,['ismn']
468_SMOSMANIA,43.4416999816895,1.87999999523163,12.0,300.0,3118,1,['SMOSMANIA_SaintFelixdeLauragais'],1,['ismn']
469_SMOSMANIA,43.8250007629395,1.17669999599457,12.0,300.0,2918,1,['SMOSMANIA_Savenes'],1,['ismn']
470_SMOSMANIA,43.6397018432617,-0.435000002384186,14.0,300.0,2362,1,['SMOSMANIA_Urgons'],1,['ismn']
471_SMOSMANIA,43.7951698303223,4.09082984924316,9.0,300.0,2212,1,['SMOSMANIA_Villevielle'],1,['ismn']
472_SNOTEL,61.5833702087402,-159.577087402344,9.0,400.0,1413,1,['SNOTEL_Aniak'],1,['ismn']
473_SNOTEL,40.58019065856935,-111.648136138916,10.0,400.0,788,2,"['SNOTEL_Atwater', 'SNOTEL_Snowbird']",1,"['ismn', 'ismn']"
474_SNOTEL,33.9784507751465,-109.503570556641,10.0,400.0,147,1,['SNOTEL_Baldy'],1,['ismn']
475_SNOTEL,44.3034210205078,-115.234466552734,10.0,400.0,1020,1,['SNOTEL_BannerSummit'],1,['ismn']
476_SNOTEL,34.8614196777344,-111.604972839355,9.0,300.0,2006,1,['SNOTEL_BarM'],1,['ismn']
477_SNOTEL,43.7436714172363,-113.937973022461,10.0,400.0,683,1,['SNOTEL_BearCanyon'],1,['ismn']
478_SNOTEL,41.833911895752,-115.452781677246,10.0,400.0,1204,1,['SNOTEL_BearCreek'],1,['ismn']
479_SNOTEL,40.8852005004883,-110.827697753906,10.0,400.0,1290,1,['SNOTEL_BearRiverRS'],1,['ismn']
480_SNOTEL,39.1366539001465,-111.5317001342775,10.0,400.0,1566,2,"['SNOTEL_BeaverDams', 'SNOTEL_MtBaldy']",1,"['ismn', 'ismn']"
481_SNOTEL,40.6123313903809,-111.097816467285,9.0,400.0,494,1,['SNOTEL_BeaverDivide'],1,['ismn']
482_SNOTEL,48.8792991638184,-121.255500793457,1.0,400.0,373,1,['SNOTEL_BeaverPass'],1,['ismn']
483_SNOTEL,41.3760299682617,-111.944053649902,10.0,400.0,743,1,['SNOTEL_BenLomondPeak'],1,['ismn']
484_SNOTEL,41.3829116821289,-111.921028137207,10.0,400.0,591,1,['SNOTEL_BenLomondTrail'],1,['ismn']
485_SNOTEL,39.3191719055176,-114.622779846191,10.0,400.0,1232,1,['SNOTEL_BerryCreek'],1,['ismn']
486_SNOTEL,40.4523735046387,-112.238048553467,10.0,400.0,1939,2,"['SNOTEL_BevansCabin', 'SNOTEL_RockyBasin-Settleme']",1,"['ismn', 'ismn']"
487_SNOTEL,41.7616806030273,-115.693099975586,10.0,200.0,1643,1,['SNOTEL_BigBend'],1,['ismn']
488_SNOTEL,39.2914810180664,-117.115058898926,10.0,200.0,1705,1,['SNOTEL_BigCreekSum'],1,['ismn']
489_SNOTEL,39.4550018310547,-119.942199707031,10.0,400.0,1736,1,['SNOTEL_BigMeadow'],1,['ismn']
490_SNOTEL,42.6458015441895,-109.259651184082,10.0,400.0,766,1,['SNOTEL_BigSandyOpening'],1,['ismn']
491_SNOTEL,42.407169342041,-122.266166687012,1.0,400.0,389,1,['SNOTEL_BillieCreekDivide'],1,['ismn']
492_SNOTEL,39.4613800048828,-114.648628234863,10.0,200.0,1897,1,['SNOTEL_BirdCreek'],1,['ismn']
493_SNOTEL,38.6799011230469,-111.597648620605,10.0,400.0,1489,1,['SNOTEL_BlackFlat-U.M.Ck'],1,['ismn']
494_SNOTEL,41.0562286376953,-106.713996887207,8.0,400.0,1228,1,['SNOTEL_BlackhallMtn'],1,['ismn']
496_SNOTEL,45.4286994934082,-121.856048583984,1.0,300.0,421,1,['SNOTEL_BlazedAlder'],1,['ismn']
497_SNOTEL,38.9456901550293,-112.15348815918,10.0,400.0,1149,1,['SNOTEL_BobsHollow'],1,['ismn']
498_SNOTEL,43.7637710571289,-116.09684753418,9.0,400.0,1699,1,['SNOTEL_BogusBasin'],1,['ismn']
499_SNOTEL,42.164421081543,-114.192718505859,10.0,400.0,1428,1,['SNOTEL_BostetterR.S'],1,['ismn']
500_SNOTEL,38.5080909729004,-112.018562316895,10.0,400.0,420,1,['SNOTEL_BoxCreek'],1,['ismn']
501_SNOTEL,37.6799392700195,-112.856742858887,10.0,400.0,1531,1,['SNOTEL_BrianHead'],1,['ismn']
502_SNOTEL,36.3105602264404,-115.68525314331048,10.0,400.0,2007,2,"['SNOTEL_BristleconeTrail', 'SNOTEL_LeeCanyon']",1,"['ismn', 'ismn']"
503_SNOTEL,41.36345413269045,-106.235138598633,8.0,400.0,787,2,"['SNOTEL_BrooklynLake', 'US-GLE']",2,"['ismn', 'fluxnet']"
504_SNOTEL,40.5810203552246,-110.585868835449,10.0,400.0,457,1,['SNOTEL_BrownDuck'],1,['ismn']
505_SNOTEL,48.9275283813477,-121.197166442871,1.0,400.0,304,1,['SNOTEL_BrownTop'],1,['ismn']
506_SNOTEL,39.1339988708496,-111.437217712402,10.0,400.0,1387,1,['SNOTEL_BuckFlat'],1,['ismn']
507_SNOTEL,37.84138107299805,-109.467197418213,10.0,400.0,1901,2,"['SNOTEL_BuckboardFlat', 'SNOTEL_CampJackson']",1,"['ismn', 'ismn']"
508_SNOTEL,47.7085990905762,-123.457473754883,1.0,400.0,550,1,['SNOTEL_Buckinghorse'],1,['ismn']
509_SNOTEL,39.3037796020508,-106.113159179688,10.0,400.0,935,1,['SNOTEL_BuckskinJoe'],1,['ismn']
510_SNOTEL,41.7506713867188,-117.53182220459,10.0,200.0,427,1,['SNOTEL_BuckskinLower'],1,['ismn']
511_SNOTEL,41.6854095458984,-111.419868469238,10.0,400.0,1514,1,['SNOTEL_BugLake'],1,['ismn']
512_SNOTEL,47.0443992614746,-121.940322875977,1.0,300.0,645,1,['SNOTEL_BurntMountain'],1,['ismn']
513_SNOTEL,39.8750381469727,-107.599021911621,9.0,400.0,245,1,['SNOTEL_BurroMountain'],1,['ismn']
514_SNOTEL,40.984920501709,-110.85075378418,10.0,200.0,1398,1,['SNOTEL_BurtsMillerRanch'],1,['ismn']
515_SNOTEL,38.692699432373,-120.002197265625,9.0,400.0,1206,1,['SNOTEL_CarsonPass'],1,['ismn']
516_SNOTEL,37.6609802246094,-112.740928649902,10.0,400.0,886,1,['SNOTEL_CastleValley'],1,['ismn']
518_SNOTEL,40.8852882385254,-111.069541931152,9.0,400.0,1076,1,['SNOTEL_ChalkCreek#2'],1,['ismn']
519_SNOTEL,43.7685012817383,-114.418121337891,9.0,200.0,1026,1,['SNOTEL_ChocolateGulch'],1,['ismn']
520_SNOTEL,41.2384300231934,-106.231010437012,8.0,400.0,1039,1,['SNOTEL_CinnabarPark'],1,['ismn']
521_SNOTEL,45.0965805053711,-121.754432678223,1.0,400.0,732,1,['SNOTEL_ClackamasLake'],1,['ismn']
523_SNOTEL,67.2533264160156,-150.182998657227,9.0,400.0,1030,1,['SNOTEL_Coldfoot'],1,['ismn']
525_SNOTEL,44.4370002746582,-111.993843078613,10.0,400.0,1239,1,['SNOTEL_CrabCreek'],1,['ismn']
526_SNOTEL,46.5639381408691,-115.289031982422,1.0,400.0,442,1,['SNOTEL_CraterMeadows'],1,['ismn']
527_SNOTEL,41.2282409667969,-105.385711669922,10.0,200.0,117,1,['SNOTEL_CrowCreek'],1,['ismn']
528_SNOTEL,39.3256492614746,-120.368072509766,8.0,400.0,1923,1,['SNOTEL_CssLab'],1,['ismn']
529_SNOTEL,37.2093887329102,-105.199882507324,8.0,400.0,164,1,['SNOTEL_Culebra#2'],1,['ismn']
530_SNOTEL,40.2952995300293,-111.256767272949,9.0,400.0,641,1,['SNOTEL_Daniels-Strawberry'],1,['ismn']
531_SNOTEL,39.5636100769043,-115.844207763672,10.0,200.0,1804,1,['SNOTEL_DiamondPeak'],1,['ismn']
532_SNOTEL,39.045539855957,-111.46875,10.0,400.0,1341,1,['SNOTEL_DillsCamp'],1,['ismn']
533_SNOTEL,41.9673690795898,-118.189338684082,10.0,200.0,2048,1,['SNOTEL_DisasterPeak'],1,['ismn']
534_SNOTEL,43.6025009155273,-114.674171447754,10.0,400.0,303,1,['SNOTEL_DollarhideSummit'],1,['ismn']
535_SNOTEL,40.8934288024902,-115.211036682129,10.0,200.0,1475,1,['SNOTEL_DorseyBasin'],1,['ismn']
536_SNOTEL,41.6609992980957,-115.323402404785,10.0,200.0,1687,1,['SNOTEL_DrawCreek'],1,['ismn']
537_SNOTEL,41.4128913879395,-111.537696838379,10.0,400.0,732,1,['SNOTEL_DryBreadPond'],1,['ismn']
538_SNOTEL,40.5653305053711,-112.173431396484,10.0,400.0,1788,1,['SNOTEL_DryFork'],1,['ismn']
539_SNOTEL,40.5336990356445,-106.781402587891,9.0,400.0,254,1,['SNOTEL_DryLake'],1,['ismn']
540_SNOTEL,65.4858779907227,-145.412124633789,7.0,400.0,1060,1,['SNOTEL_EagleSummit'],1,['ismn']
541_SNOTEL,43.1309700012207,-110.202301025391,10.0,400.0,1483,1,['SNOTEL_EastRimDivide'],1,['ismn']
542_SNOTEL,39.3121299743652,-109.531791687012,10.0,200.0,1551,1,['SNOTEL_EastWillowCreek'],1,['ismn']
543_SNOTEL,38.5497016906738,-119.804679870605,9.0,400.0,1616,1,['SNOTEL_EbbettsPass'],1,['ismn']
544_SNOTEL,38.8489990234375,-120.079498291016,10.0,400.0,1093,1,['SNOTEL_EchoPeak'],1,['ismn']
545_SNOTEL,38.9340286254883,-120.054496765137,9.0,400.0,949,1,['SNOTEL_FallenLeaf'],1,['ismn']
546_SNOTEL,40.9833106994629,-111.81338500976553,9.0,400.0,1758,2,"['SNOTEL_Farmington', 'SNOTEL_FarmingtonLower']",1,"['ismn', 'ismn']"
547_SNOTEL,41.8209800720215,-116.101531982422,10.0,200.0,1711,1,['SNOTEL_FawnCreek'],1,['ismn']
548_SNOTEL,63.2025985717773,-145.634414672852,7.0,400.0,520,1,['SNOTEL_FieldingLake'],1,['ismn']
549_SNOTEL,45.3526496887207,-121.529998779297,1.0,400.0,278,1,['SNOTEL_Fifteenmile'],1,['ismn']
550_SNOTEL,40.7178497314453,-110.467208862305,10.0,400.0,1113,1,['SNOTEL_FivePointsLake'],1,['ismn']
551_SNOTEL,42.0504989624023,-111.601196289062,10.0,400.0,1396,1,['SNOTEL_FranklinBasin'],1,['ismn']
552_SNOTEL,40.68798828125,-120.608047485352,10.0,400.0,1300,1,['SNOTEL_FredonyerPeak'],1,['ismn']
553_SNOTEL,39.3801383972168,-106.19783782959,10.0,400.0,919,1,['SNOTEL_FremontPass'],1,['ismn']
554_SNOTEL,41.580078125,-115.936401367188,10.0,200.0,1655,1,['SNOTEL_FryCanyon'],1,['ismn']
555_SNOTEL,64.6966171264648,-156.714965820312,8.0,400.0,802,1,['SNOTEL_GalenaAK'],1,['ismn']
556_SNOTEL,43.8749694824219,-114.71363067627,9.0,400.0,1157,1,['SNOTEL_GalenaSummit'],1,['ismn']
557_SNOTEL,41.921501159668,-111.469299316406,10.0,200.0,1358,1,['SNOTEL_GardenCitySummit'],1,['ismn']
558_SNOTEL,37.4008293151855,-113.45987701416,10.0,200.0,387,1,['SNOTEL_GardnerPeak'],1,['ismn']
559_SNOTEL,41.9156188964844,-113.41153717041,10.0,400.0,230,1,['SNOTEL_GeorgeCreek'],1,['ismn']
560_SNOTEL,42.413200378418,-111.166297912598,10.0,400.0,500,1,['SNOTEL_Giveout'],1,['ismn']
561_SNOTEL,66.745002746582,-150.667495727539,9.0,400.0,874,1,['SNOTEL_GobblersKnob'],1,['ismn']
562_SNOTEL,40.8835792541504,-117.588119506836,10.0,200.0,2131,1,['SNOTEL_Golconda'],1,['ismn']
563_SNOTEL,48.9515991210938,-118.986396789551,8.0,400.0,573,1,['SNOTEL_GoldAxeCamp'],1,['ismn']
564_SNOTEL,43.7793312072754,-110.927833557129,10.0,400.0,901,1,['SNOTEL_GrandTarghee'],1,['ismn']
565_SNOTEL,43.3429794311523,-110.434951782227,10.0,400.0,1065,1,['SNOTEL_GraniteCreek'],1,['ismn']
566_SNOTEL,63.9438209533691,-145.399932861328,8.0,400.0,550,1,['SNOTEL_GraniteCrk'],1,['ismn']
567_SNOTEL,41.6703186035156,-117.566680908203,10.0,200.0,1219,1,['SNOTEL_GranitePeak'],1,['ismn']
568_SNOTEL,40.3847999572754,-115.527572631836,10.0,200.0,1742,1,['SNOTEL_GreenMountain'],1,['ismn']
569_SNOTEL,37.4961700439453,-113.942352294922,10.0,200.0,1751,1,['SNOTEL_GutzPeak'],1,['ismn']
570_SNOTEL,40.852819442749,-111.7141494750975,9.0,400.0,1671,2,"['SNOTEL_Hardscrabble', 'SNOTEL_LookoutPeak']",1,"['ismn', 'ismn']"
572_SNOTEL,33.9712104797363,-109.765312194824,8.0,400.0,1588,1,['SNOTEL_HawleyLake'],1,['ismn']
573_SNOTEL,40.7966918945312,-110.884719848633,9.0,400.0,731,1,['SNOTEL_HaydenFork'],1,['ismn']
574_SNOTEL,38.9243087768555,-119.916412353516,10.0,400.0,1113,1,['SNOTEL_HeavenlyValley'],1,['ismn']
576_SNOTEL,45.6968193054199,-118.106567382812,8.0,400.0,332,1,['SNOTEL_HighRidge'],1,['ismn']
577_SNOTEL,43.7107696533203,-114.15894317627,10.0,400.0,451,1,['SNOTEL_Hyndman'],1,['ismn']
578_SNOTEL,39.4587650299072,-120.297840118408,8.0,400.0,1837,2,"['SNOTEL_IndependenceCreek', 'SNOTEL_IndependenceLake']",1,"['ismn', 'ismn']"
579_SNOTEL,44.4202995300293,-111.385116577148,8.0,400.0,1095,1,['SNOTEL_IslandPark'],1,['ismn']
580_SNOTEL,41.5467491149902,-116.005172729492,10.0,400.0,1455,1,['SNOTEL_JackCreekUpper'],1,['ismn']
581_SNOTEL,41.513599395752,-116.011703491211,10.0,400.0,1515,1,['SNOTEL_JacksPeak'],1,['ismn']
582_SNOTEL,44.0509185791016,-115.443222045898,10.0,400.0,1056,1,['SNOTEL_JacksonPeak'],1,['ismn']
583_SNOTEL,39.5709609985352,-105.803550720215,10.0,500.0,942,1,['SNOTEL_JackwhackerGulch'],1,['ismn']
584_SNOTEL,41.5686988830566,-115.032432556152,10.0,200.0,146,1,['SNOTEL_JakesCreek'],1,['ismn']
585_SNOTEL,39.5578994750977,-114.627616882324,10.0,200.0,1766,1,['SNOTEL_Kalamazoo'],1,['ismn']
586_SNOTEL,42.2655410766602,-110.801811218262,10.0,400.0,1358,1,['SNOTEL_KelleyR.S'],1,['ismn']
587_SNOTEL,60.72534561157229,-150.46224975585898,1.0,400.0,1562,2,"['SNOTEL_KenaiMoosePens', 'USCRN_Kenai-29-ENE']",1,"['ismn', 'ismn']"
588_SNOTEL,38.483829498291,-112.392730712891,10.0,400.0,581,1,['SNOTEL_KimberlyMine'],1,['ismn']
589_SNOTEL,40.7163200378418,-109.544006347656,10.0,400.0,166,1,['SNOTEL_KingsCabin'],1,['ismn']
590_SNOTEL,40.5970916748047,-110.433158874512,10.0,400.0,930,1,['SNOTEL_Lakefork#1'],1,['ismn']
591_SNOTEL,40.62222480773925,-115.380111694336,10.0,400.0,1554,2,"['SNOTEL_Lamoille#3', 'SNOTEL_LamoilleUpper']",1,"['ismn', 'ismn']"
592_SNOTEL,42.435661315918,-105.860511779785,10.0,400.0,222,1,['SNOTEL_LapreleCreek'],1,['ismn']
593_SNOTEL,42.5801887512207,-109.088287353516,10.0,400.0,923,1,['SNOTEL_LarsenCreek'],1,['ismn']
594_SNOTEL,41.7763710021973,-116.029571533203,10.0,200.0,1748,1,['SNOTEL_LaurelDraw'],1,['ismn']
595_SNOTEL,38.2930755615234,-119.6065559387205,10.0,400.0,1646,2,"['SNOTEL_LeavittLake', 'SNOTEL_SonoraPass']",1,"['ismn', 'ismn']"
596_SNOTEL,38.3036689758301,-119.551109313965,9.0,400.0,460,1,['SNOTEL_LeavittMeadows'],1,['ismn']
597_SNOTEL,44.2086181640625,-110.666282653809,10.0,400.0,1022,1,['SNOTEL_LewisLakeDivide'],1,['ismn']
598_SNOTEL,40.3572006225586,-116.864700317383,10.0,200.0,1927,1,['SNOTEL_LewisPeak'],1,['ismn']
599_SNOTEL,40.8649291992188,-110.798126220703,9.0,400.0,598,1,['SNOTEL_LilyLake'],1,['ismn']
600_SNOTEL,41.389949798584,-111.796401977539,10.0,400.0,744,2,"['SNOTEL_LittleBear', 'SNOTEL_PowderMountain']",1,"['ismn', 'ismn']"
601_SNOTEL,65.1242218017578,-146.733901977539,8.0,400.0,1306,1,['SNOTEL_LittleChenaRidge'],1,['ismn']
602_SNOTEL,38.4374504089355,-119.36572265625,10.0,400.0,1435,1,['SNOTEL_LobdellLake'],1,['ismn']
603_SNOTEL,37.8916893005371,-108.196357727051,8.0,400.0,175,1,['SNOTEL_LoneCone'],1,['ismn']
604_SNOTEL,40.5115394592285,-105.765403747559,8.0,400.0,714,1,['SNOTEL_LongDrawResv'],1,['ismn']
605_SNOTEL,47.4574890136719,-115.704566955566,1.0,400.0,1560,1,['SNOTEL_Lookout'],1,['ismn']
606_SNOTEL,41.221549987793,-111.359466552734,10.0,400.0,1616,1,['SNOTEL_LostCreekResv'],1,['ismn']
607_SNOTEL,39.6833801269531,-111.318176269531,10.0,400.0,409,1,['SNOTEL_Mammoth-Cottonwood'],1,['ismn']
608_SNOTEL,48.7629203796387,-121.698226928711,1.0,300.0,289,1,['SNOTEL_MartenRidge'],1,['ismn']
609_SNOTEL,61.349178314209,-142.693542480469,8.0,400.0,805,1,['SNOTEL_MayCreek'],1,['ismn']
610_SNOTEL,41.3783302307129,-106.346969604492,10.0,400.0,967,1,['SNOTEL_MedBow'],1,['ismn']
611_SNOTEL,47.1504516601562,-116.26643371582,8.0,400.0,1507,1,['SNOTEL_MicaCreek'],1,['ismn']
612_SNOTEL,63.3046417236328,-147.648834228516,7.0,400.0,541,1,['SNOTEL_MonahanFlat'],1,['ismn']
613_SNOTEL,34.9414100646973,-111.51863861084,9.0,400.0,2002,1,['SNOTEL_MormonMountain'],1,['ismn']
614_SNOTEL,40.6079788208008,-109.88809967041,8.0,400.0,1110,1,['SNOTEL_MosbyMtn'],1,['ismn']
615_SNOTEL,46.8050003051758,-116.853500366211,12.0,400.0,1558,1,['SNOTEL_MoscowMountain'],1,['ismn']
616_SNOTEL,45.2651405334473,-117.173767089844,10.0,400.0,273,1,['SNOTEL_Mt.Howard'],1,['ismn']
617_SNOTEL,65.2511291503906,-146.151336669922,9.0,400.0,1177,1,['SNOTEL_Mt.Ryan'],1,['ismn']
618_SNOTEL,42.600399017334,-116.55924987793,10.0,200.0,894,1,['SNOTEL_MudFlat'],1,['ismn']
619_SNOTEL,64.851676940918,-146.212142944336,8.0,400.0,1060,1,['SNOTEL_MunsonRidge'],1,['ismn']
620_SNOTEL,48.7226295471191,-116.463119506836,1.0,400.0,1230,1,['SNOTEL_MyrtleCreek'],1,['ismn']
621_SNOTEL,64.6858215332031,-148.91130065918,8.0,400.0,1296,1,['SNOTEL_Nenana'],1,['ismn']
622_SNOTEL,41.8641090393066,-115.082511901855,10.0,200.0,1070,1,['SNOTEL_ONeilCreek'],1,['ismn']
623_SNOTEL,39.3484992980957,-112.192001342773,10.0,200.0,1378,1,['SNOTEL_OakCreek'],1,['ismn']
625_SNOTEL,39.1898612976074,-120.265762329102,8.0,400.0,1632,1,['SNOTEL_PalisadesTahoe'],1,['ismn']
626_SNOTEL,36.40869140625,-105.330383300781,8.0,400.0,1605,1,['SNOTEL_Palo'],1,['ismn']
627_SNOTEL,37.7046318054199,-112.650367736816,10.0,400.0,1755,1,['SNOTEL_PanguitchLakeRS'],1,['ismn']
628_SNOTEL,46.7826614379883,-121.747673034668,1.0,400.0,402,1,['SNOTEL_Paradise'],1,['ismn']
629_SNOTEL,38.8198204040527,-106.589622497559,10.0,400.0,153,1,['SNOTEL_ParkCone'],1,['ismn']
630_SNOTEL,39.0443305969238,-107.879508972168,9.0,400.0,648,1,['SNOTEL_ParkReservoir'],1,['ismn']
631_SNOTEL,40.731889724731445,-111.6176834106445,9.0,400.0,1646,2,"['SNOTEL_ParleysSummit', 'SNOTEL_ParleysUpper']",1,"['ismn', 'ismn']"
632_SNOTEL,40.9341697692871,-111.813720703125,9.0,400.0,228,1,['SNOTEL_ParrishCreek'],1,['ismn']
633_SNOTEL,39.929759979248,-111.631088256836,10.0,400.0,1731,1,['SNOTEL_PaysonR.S'],1,['ismn']
634_SNOTEL,42.7673988342285,-112.106483459473,10.0,400.0,409,1,['SNOTEL_PebbleCreek'],1,['ismn']
635_SNOTEL,40.3980293273926,-105.846061706543,8.0,400.0,1175,1,['SNOTEL_PhantomValley'],1,['ismn']
636_SNOTEL,39.0121917724609,-111.582588195801,10.0,200.0,1709,1,['SNOTEL_PickleKeg'],1,['ismn']
637_SNOTEL,46.4959716796875,-115.795700073242,1.0,400.0,1822,1,['SNOTEL_PierceR.S'],1,['ismn']
638_SNOTEL,42.712100982666,-109.411201477051,10.0,400.0,788,1,['SNOTEL_PocketCreek'],1,['ismn']
639_SNOTEL,40.8629302978516,-115.120666503906,10.0,200.0,1777,1,['SNOTEL_PoleCanyon'],1,['ismn']
640_SNOTEL,41.8725509643555,-115.247131347656,10.0,400.0,827,1,['SNOTEL_PoleCreekR.S'],1,['ismn']
642_SNOTEL,39.4654388427734,-117.62068939209,10.0,200.0,1679,1,['SNOTEL_PorterCanyon'],1,['ismn']
643_SNOTEL,42.3192291259766,-120.825332641602,9.0,400.0,527,1,['SNOTEL_QuartzMountain'],1,['ismn']
644_SNOTEL,47.8792686462402,-117.089378356934,1.0,400.0,1806,1,['SNOTEL_QuartzPeak'],1,['ismn']
645_SNOTEL,35.9219512939453,-106.391792297363,10.0,400.0,1399,1,['SNOTEL_Quemazon'],1,['ismn']
646_SNOTEL,40.3673515319824,-106.741180419922,8.0,400.0,171,1,['SNOTEL_RabbitEars'],1,['ismn']
647_SNOTEL,47.8558311462402,-117.036666870117,1.0,400.0,1960,1,['SNOTEL_RaggedMountain'],1,['ismn']
648_SNOTEL,39.4966697692871,-111.725082397461,10.0,400.0,1595,1,['SNOTEL_ReesFlat'],1,['ismn']
650_SNOTEL,36.0719604492188,-105.629493713379,8.0,400.0,1431,1,['SNOTEL_RioSantaBarbara'],1,['ismn']
651_SNOTEL,44.0088310241699,-118.838417053223,8.0,200.0,419,1,['SNOTEL_RockSprings'],1,['ismn']
652_SNOTEL,38.6710090637207,-112.330497741699,10.0,200.0,312,1,['SNOTEL_RockwoodGS'],1,['ismn']
653_SNOTEL,39.0261116027832,-106.080627441406,10.0,400.0,297,1,['SNOTEL_RoughAndTumble'],1,['ismn']
654_SNOTEL,38.9992713928223,-120.131393432617,9.0,400.0,1725,1,['SNOTEL_Rubicon#2'],1,['ismn']
655_SNOTEL,42.5074996948242,-110.909896850586,9.0,400.0,1475,1,['SNOTEL_SaltRiverSummit'],1,['ismn']
656_SNOTEL,41.1117897033691,-107.170433044434,8.0,400.0,892,1,['SNOTEL_SandstoneRS'],1,['ismn']
657_SNOTEL,46.4663314819336,-114.633331298828,1.0,400.0,1511,1,['SNOTEL_SavagePass'],1,['ismn']
658_SNOTEL,40.1363182067871,-105.584861755371,8.0,400.0,994,1,['SNOTEL_Sawtooth'],1,['ismn']
659_SNOTEL,39.0146713256836,-107.049331665039,10.0,400.0,972,1,['SNOTEL_SchofieldPass'],1,['ismn']
660_SNOTEL,46.5660285949707,-115.742156982422,1.0,400.0,1488,1,['SNOTEL_ShanghiSummit'],1,['ismn']
661_SNOTEL,41.9043502807617,-119.444641113281,10.0,200.0,901,1,['SNOTEL_Sheldon'],1,['ismn']
662_SNOTEL,46.9502792358398,-116.339721679688,1.0,400.0,1513,1,['SNOTEL_Sherwin'],1,['ismn']
663_SNOTEL,42.9561500549316,-121.181228637695,10.0,200.0,360,1,['SNOTEL_SilverCreek'],1,['ismn']
664_SNOTEL,42.7533302307129,-118.687850952148,10.0,200.0,309,1,['SNOTEL_Silvies'],1,['ismn']
665_SNOTEL,37.9907608032227,-107.203918457031,10.0,400.0,139,1,['SNOTEL_Slumgullion'],1,['ismn']
666_SNOTEL,43.727180480957,-113.834022521973,10.0,400.0,160,1,['SNOTEL_SmileyMountain'],1,['ismn']
667_SNOTEL,44.1336097717285,-110.669166564941,8.0,400.0,1159,1,['SNOTEL_SnakeRiverStation'],1,['ismn']
668_SNOTEL,46.2371292114258,-117.394348144531,10.0,400.0,440,1,['SNOTEL_SourdoughGulch'],1,['ismn']
669_SNOTEL,41.3294982910156,-106.502502441406,10.0,400.0,830,1,['SNOTEL_SouthBrushCreek'],1,['ismn']
671_SNOTEL,42.7647590637207,-116.900291442871,10.0,200.0,1548,1,['SNOTEL_SouthMtn'],1,['ismn']
672_SNOTEL,38.6662712097168,-119.817413330078,9.0,400.0,495,1,['SNOTEL_SprattCreek'],1,['ismn']
673_SNOTEL,61.6565284729004,-149.129257202148,10.0,400.0,859,1,['SNOTEL_SpringCreek'],1,['ismn']
674_SNOTEL,41.9860916137695,-120.71573638916,10.0,400.0,633,1,['SNOTEL_StateLine'],1,['ismn']
675_SNOTEL,43.8611717224121,-114.209022521973,10.0,400.0,900,1,['SNOTEL_StickneyMill'],1,['ismn']
676_SNOTEL,40.2253189086914,-105.919799804688,10.0,400.0,529,1,['SNOTEL_StillwaterCreek'],1,['ismn']
677_SNOTEL,40.1648292541504,-111.206649780273,9.0,400.0,640,1,['SNOTEL_StrawberryDivide'],1,['ismn']
678_SNOTEL,41.4895286560059,-118.996627807617,10.0,200.0,919,1,['SNOTEL_SummitLk'],1,['ismn']
679_SNOTEL,38.3974685668945,-119.535217285156,10.0,400.0,1369,1,['SNOTEL_SummitMeadow'],1,['ismn']
680_SNOTEL,38.0480003356934,-111.339813232422,10.0,200.0,1133,1,['SNOTEL_SunflowerFlat'],1,['ismn']
681_SNOTEL,47.5554504394531,-115.82421875,1.0,400.0,814,1,['SNOTEL_Sunset'],1,['ismn']
682_SNOTEL,62.1324501037598,-150.043914794922,8.0,400.0,1357,1,['SNOTEL_SusitnaValleyHigh'],1,['ismn']
683_SNOTEL,36.5819511413574,-105.456169128418,8.0,400.0,1322,1,['SNOTEL_TaosPowderhorn'],1,['ismn']
684_SNOTEL,41.7929992675781,-111.546051025391,10.0,400.0,835,1,['SNOTEL_TempleFork'],1,['ismn']
685_SNOTEL,44.3691711425781,-110.577171325684,9.0,400.0,966,1,['SNOTEL_ThumbDivide'],1,['ismn']
686_SNOTEL,39.6771202087402,-110.433952331543,9.0,200.0,1416,1,['SNOTEL_Timberline'],1,['ismn']
688_SNOTEL,42.7639312744141,-110.591400146484,10.0,400.0,992,1,['SNOTEL_TriplePeak'],1,['ismn']
689_SNOTEL,47.2332801818848,-120.294120788574,10.0,400.0,669,1,['SNOTEL_Trough'],1,['ismn']
690_SNOTEL,39.4155006408691,-111.249099731445,10.0,400.0,383,1,['SNOTEL_UpperJoesValley'],1,['ismn']
691_SNOTEL,65.3671035766602,-146.591995239258,7.0,400.0,899,1,['SNOTEL_UpperNomeCreek'],1,['ismn']
692_SNOTEL,38.9907112121582,-106.745040893555,10.0,400.0,1069,1,['SNOTEL_UpperTaylor'],1,['ismn']
693_SNOTEL,61.1911201477051,-145.648071289062,10.0,500.0,802,1,['SNOTEL_UpperTsainaRiver'],1,['ismn']
694_SNOTEL,38.0729789733887,-119.234329223633,10.0,400.0,1569,1,['SNOTEL_VirginiaLakesRidge'],1,['ismn']
695_SNOTEL,39.1324195861816,-114.955749511719,10.0,200.0,1525,1,['SNOTEL_WardMountain'],1,['ismn']
696_SNOTEL,47.9448509216309,-123.425941467285,1.0,300.0,273,1,['SNOTEL_Waterhole'],1,['ismn']
697_SNOTEL,39.0099487304688,-114.310211181641,10.0,400.0,766,1,['SNOTEL_WheelerPeak'],1,['ismn']
698_SNOTEL,35.1418914794922,-112.149658203125,10.0,200.0,267,1,['SNOTEL_WhiteHorseLake'],1,['ismn']
699_SNOTEL,39.9645004272461,-110.98844909668,10.0,400.0,686,1,['SNOTEL_WhiteRiver#1'],1,['ismn']
700_SNOTEL,42.7574310302734,-112.477828979492,10.0,200.0,984,1,['SNOTEL_WildhorseDivide'],1,['ismn']
701_SNOTEL,42.2799110412598,-105.577819824219,10.0,400.0,248,1,['SNOTEL_WindyPeak'],1,['ismn']
702_SNOTEL,40.4773292541504,-111.044692993164,9.0,400.0,519,1,['SNOTEL_WolfCreekPeak'],1,['ismn']
703_SNOTEL,39.1323318481445,-111.35684967041,10.0,200.0,1323,1,['SNOTEL_WrigleyCreek'],1,['ismn']
704_SNOTEL,37.7479705810547,-112.774948120117,10.0,400.0,1729,1,['SNOTEL_YankeeReservoir'],1,['ismn']
705_SNOTEL,40.794921875,-106.595443725586,10.0,400.0,236,1,['SNOTEL_Zirkel'],1,['ismn']
706_SOILSCAPE,-36.70228271484376,174.554586791992,2.0,300.0,780,5,"['SOILSCAPE_Ararimu-2601', 'SOILSCAPE_Ararimu-2602', 'SOILSCAPE_Ararimu-2603', 'SOILSCAPE_Ararimu-2604', 'SOILSCAPE_Ararimu-2605']",1,"['ismn', 'ismn', 'ismn', 'ismn', 'ismn']"
707_SOILSCAPE,37.1927350362142,-105.99096679687534,12.0,200.0,372,3,"['SOILSCAPE_CO-Z1-2001', 'SOILSCAPE_CO-Z1-2002', 'SOILSCAPE_CO-Z1-2003']",1,"['ismn', 'ismn', 'ismn']"
708_SOILSCAPE,37.055118560791,-105.824249267578,10.0,200.0,343,1,['SOILSCAPE_CO-Z4-2105'],1,['ismn']
709_SOILSCAPE,32.51959609985353,-106.7391242980955,7.0,200.0,417,4,"['SOILSCAPE_JR-1-2301', 'SOILSCAPE_JR-1-2302', 'SOILSCAPE_JR-1-2303', 'SOILSCAPE_JR-1-2304']",1,"['ismn', 'ismn', 'ismn', 'ismn']"
710_SOILSCAPE,32.60226186116538,-106.75749545627178,7.0,200.0,2709,9,"['SOILSCAPE_JR-2-2401', 'SOILSCAPE_JR-2-2402', 'SOILSCAPE_JR-2-2403', 'SOILSCAPE_JR-2-2404', 'SOILSCAPE_JR-3-2501', 'SOILSCAPE_JR-3-2502', 'SOILSCAPE_JR-3-2503', 'SOILSCAPE_JR-3-2504', 'USCRN_Las-Cruces-20-N']",1,"['ismn', 'ismn', 'ismn', 'ismn', 'ismn', 'ismn', 'ismn', 'ismn', 'ismn']"
711_SOILSCAPE,31.736954602328208,-109.94450933283028,10.0,200.0,1112,11,"['SOILSCAPE_Kendall-1402', 'SOILSCAPE_Kendall-1403', 'SOILSCAPE_Kendall-1404', 'SOILSCAPE_Kendall-1406', 'SOILSCAPE_Kendall-1407', 'SOILSCAPE_Kendall-1408', 'SOILSCAPE_Kendall-1409', 'SOILSCAPE_node1400', 'SOILSCAPE_node1401', 'SOILSCAPE_node1408', 'SOILSCAPE_node1409']",1,"['ismn', 'ismn', 'ismn', 'ismn', 'ismn', 'ismn', 'ismn', 'ismn', 'ismn', 'ismn', 'ismn']"
712_SOILSCAPE,-36.7150402069092,174.6142044067385,10.0,300.0,490,2,"['SOILSCAPE_Riverhead-2704', 'SOILSCAPE_Riverhead-2705']",1,"['ismn', 'ismn']"
714_SOILSCAPE,36.00123860285832,-98.63021909273589,10.0,300.0,322,13,"['SOILSCAPE_node101', 'SOILSCAPE_node102', 'SOILSCAPE_node103', 'SOILSCAPE_node105', 'SOILSCAPE_node106', 'SOILSCAPE_node107', 'SOILSCAPE_node108', 'SOILSCAPE_node111', 'SOILSCAPE_node112', 'SOILSCAPE_node114', 'SOILSCAPE_node115', 'SOILSCAPE_node119', 'SOILSCAPE_node121']",1,"['ismn', 'ismn', 'ismn', 'ismn', 'ismn', 'ismn', 'ismn', 'ismn', 'ismn', 'ismn', 'ismn', 'ismn', 'ismn']"
715_SOILSCAPE,38.390520025182646,-120.90539889865452,10.0,300.0,435,27,"['SOILSCAPE_node1017', 'SOILSCAPE_node1018', 'SOILSCAPE_node1019', 'SOILSCAPE_node1020', 'SOILSCAPE_node1021', 'SOILSCAPE_node1022', 'SOILSCAPE_node1023', 'SOILSCAPE_node1025', 'SOILSCAPE_node1027', 'SOILSCAPE_node1029', 'SOILSCAPE_node1031', 'SOILSCAPE_node900', 'SOILSCAPE_node901', 'SOILSCAPE_node902', 'SOILSCAPE_node903', 'SOILSCAPE_node905', 'SOILSCAPE_node906', 'SOILSCAPE_node907', 'SOILSCAPE_node908', 'SOILSCAPE_node909', 'SOILSCAPE_node910', 'SOILSCAPE_node911', 'SOILSCAPE_node912', 'SOILSCAPE_node913', 'SOILSCAPE_node914', 'SOILSCAPE_node915', 'SOILSCAPE_node916']",1,"['ismn', 'ismn', 'ismn', 'ismn', 'ismn', 'ismn', 'ismn', 'ismn', 'ismn', 'ismn', 'ismn', 'ismn', 'ismn', 'ismn', 'ismn', 'ismn', 'ismn', 'ismn', 'ismn', 'ismn', 'ismn', 'ismn', 'ismn', 'ismn', 'ismn', 'ismn', 'ismn']"
716_SOILSCAPE,38.15260696411133,-120.7902072559704,10.0,300.0,536,22,"['SOILSCAPE_node501', 'SOILSCAPE_node502', 'SOILSCAPE_node503', 'SOILSCAPE_node504', 'SOILSCAPE_node505', 'SOILSCAPE_node506', 'SOILSCAPE_node507', 'SOILSCAPE_node508', 'SOILSCAPE_node509', 'SOILSCAPE_node510', 'SOILSCAPE_node511', 'SOILSCAPE_node512', 'SOILSCAPE_node513', 'SOILSCAPE_node514', 'SOILSCAPE_node515', 'SOILSCAPE_node516', 'SOILSCAPE_node517', 'SOILSCAPE_node518', 'SOILSCAPE_node701', 'SOILSCAPE_node708', 'SOILSCAPE_node710', 'SOILSCAPE_node712']",1,"['ismn', 'ismn', 'ismn', 'ismn', 'ismn', 'ismn', 'ismn', 'ismn', 'ismn', 'ismn', 'ismn', 'ismn', 'ismn', 'ismn', 'ismn', 'ismn', 'ismn', 'ismn', 'ismn', 'ismn', 'ismn', 'ismn']"
717_SONTE-China,41.76310722365721,115.6808908858104,10.0,400.0,864,10,"['SONTE-China_GuYuan-01', 'SONTE-China_GuYuan-02', 'SONTE-China_GuYuan-04', 'SONTE-China_GuYuan-05', 'SONTE-China_GuYuan-06', 'SONTE-China_GuYuan-07', 'SONTE-China_GuYuan-08', 'SONTE-China_GuYuan-09', 'SONTE-China_GuYuan-10', 'SONTE_china_GuYuan']",2,"['ismn', 'ismn', 'ismn', 'ismn', 'ismn', 'ismn', 'ismn', 'ismn', 'ismn', 'collected']"
718_SONTE-China,38.62958813741744,102.91820928613274,16.0,200.0,908,11,"['SONTE-China_MinQin-01', 'SONTE-China_MinQin-02', 'SONTE-China_MinQin-03', 'SONTE-China_MinQin-04', 'SONTE-China_MinQin-05', 'SONTE-China_MinQin-06', 'SONTE-China_MinQin-07', 'SONTE-China_MinQin-08', 'SONTE-China_MinQin-09', 'SONTE-China_MinQin-10', 'SONTE_china_MinQin']",2,"['ismn', 'ismn', 'ismn', 'ismn', 'ismn', 'ismn', 'ismn', 'ismn', 'ismn', 'ismn', 'collected']"
719_SONTE,29.31523575,113.1685888,14.0,300.0,479,1,['SONTE_china_DongTingHu'],1,['collected']
720_SONTE,23.24482175,113.6341998,14.0,300.0,1023,1,['SONTE_china_GuangZhou'],1,['collected']
721_SONTE,37.611151625000005,101.31263465,10.0,400.0,578,2,"['SONTE_china_HaiBei1', 'SONTE_china_HaiBei2']",1,"['collected', 'collected']"
722_SONTE,49.3321405,119.9892983,10.0,400.0,492,1,['SONTE_china_HuLunBeiEr'],1,['collected']
723_SONTE,43.8554115,128.9522458,4.0,400.0,583,1,['SONTE_china_JiangShanJiao'],1,['collected']
724_SONTE,44.79131825,125.622192,12.0,400.0,346,1,['SONTE_china_JingYueTan'],1,['collected']
725_SONTE,31.50207425,119.2128478,14.0,300.0,675,1,['SONTE_china_NanJing'],1,['collected']
726_SONTE,31.64317925,92.01172275,10.0,500.0,472,1,['SONTE_china_Naqu'],1,['collected']
727_SONTE,26.75997625,111.8710395,9.0,300.0,702,1,['SONTE_china_QiYang'],1,['collected']
728_SONTE,26.7451155,115.0719553,8.0,300.0,745,1,['SONTE_china_QianYanZhou'],1,['collected']
729_SONTE,44.136725,116.33025,10.0,200.0,620,1,['SONTE_china_XiLinHaoTe'],1,['collected']
730_SONTE,43.7435615,81.17245125,12.0,200.0,661,1,['SONTE_china_XiTianShan'],1,['collected']
731_SONTE,36.828681,116.5701068,12.0,400.0,947,1,['SONTE_china_YuCheng'],1,['collected']
733_Shiquanhe,32.519324999999995,79.861385,16.0,200.0,924,2,"['Shiquanhe_SQ06', 'Shiquanhe_SQ07']",1,"['collected', 'collected']"
734_TAHMO,6.230044841766356,-0.346764996647835,8.0,100.0,1121,2,"['TAHMO_CRIG(SoilMoistureStation1)', 'TAHMO_CRIG(SoilMoistureStation2)']",1,"['ismn', 'ismn']"
735_TAHMO,9.40083026885986,-1.00190997123718,12.0,100.0,982,1,"['TAHMO_CSIR-SARI', 'Nyankpala-Tamale']",1,['ismn']
736_TERENO,50.989200592041,6.3235502243042,12.0,300.0,2769,1,['TERENO_Gevenich'],1,['ismn']
737_TERENO,50.9303016662598,6.29747009277344,12.0,300.0,2938,1,['TERENO_Merzenhausen'],1,['ismn']
738_TERENO,50.5149002075195,6.3755898475647,5.0,300.0,2403,1,['TERENO_Schoeneseiffen'],1,['ismn']
739_TERENO,50.8690986633301,6.44954013824463,12.0,300.0,2974,1,['TERENO_Selhausen'],1,['ismn']
740_TERENO,51.132740020752,6.16917991638184,12.0,300.0,2473,1,['TERENO_Wildenrath'],1,['ismn']
741_TWENTE,52.0674705505371,6.6567702293396,9.0,300.0,636,1,['TWENTE_Hupsel'],1,['ismn']
742_TWENTE,52.386555989583336,6.964463233947754,9.0,300.0,1900,3,"['TWENTE_ITCSM-01b', 'TWENTE_ITCSM-07a', 'TWENTE_ITCSM-07b']",1,"['ismn', 'ismn', 'ismn']"
743_TWENTE,52.3908309936523,6.86010980606079,9.0,300.0,1663,1,['TWENTE_ITCSM-02b'],1,['ismn']
745_TWENTE,52.2716255187988,6.921220064163205,9.0,300.0,1161,2,"['TWENTE_ITCSM-04a', 'TWENTE_ITCSM-04b']",1,"['ismn', 'ismn']"
746_TWENTE,52.26829051971438,6.6935875415802,9.0,300.0,1595,4,"['TWENTE_ITCSM-05a', 'TWENTE_ITCSM-05b', 'TWENTE_ITCSM-05c', 'TWENTE_ITCSM-05d']",1,"['ismn', 'ismn', 'ismn', 'ismn']"
747_TWENTE,52.3947410583496,6.64483976364136,14.0,300.0,312,1,['TWENTE_ITCSM-06b'],1,['ismn']
748_TWENTE,52.1357803344727,6.74506998062134,9.0,300.0,1781,1,['TWENTE_ITCSM-08b'],1,['ismn']
749_TWENTE,52.1463890075684,6.84306001663208,9.0,300.0,1688,1,['TWENTE_ITCSM-09'],1,['ismn']
750_TWENTE,52.1910400390625,6.66827011108398,9.0,300.0,1554,1,['TWENTE_ITCSM-10c'],1,['ismn']
751_TWENTE,52.27087593078615,6.584404945373535,9.0,300.0,1494,2,"['TWENTE_ITCSM-11c', 'TWENTE_ITCSM-15b']",1,"['ismn', 'ismn']"
752_TWENTE,52.1403503417969,6.55964994430542,9.0,300.0,1323,1,['TWENTE_ITCSM-12b'],1,['ismn']
754_TWENTE,52.195188522338896,6.30936503410339,9.0,300.0,1012,2,"['TWENTE_ITCSM-14b', 'TWENTE_ITCSM-14c']",1,"['ismn', 'ismn']"
755_TWENTE,52.3678092956543,6.53525018692017,9.0,300.0,726,1,['TWENTE_ITCSM-16b'],1,['ismn']
756_TWENTE,52.4194507598877,6.54057002067566,9.0,300.0,1652,2,"['TWENTE_ITCSM-17b', 'TWENTE_ITCSM-17c']",1,"['ismn', 'ismn']"
757_TWENTE,52.4052810668945,6.37990999221802,9.0,300.0,1434,1,['TWENTE_ITCSM-18'],1,['ismn']
758_TWENTE,52.3188896179199,6.44860982894897,9.0,300.0,612,1,['TWENTE_ITCSM-20'],1,['ismn']
759_TWENTE,52.2731590270996,6.89104986190796,9.0,300.0,971,1,['TWENTE_Twenthe-A'],1,['ismn']
761_TrialValleyCreek,68.745483,-133.49907,7.0,400.0,790,1,['TrialValleyCreek'],1,['collected']
762_TxSON,30.430078642708896,-98.82527106148856,10.0,300.0,2668,14,"['TxSON_CR1000-1', 'TxSON_CR1000-6', 'TxSON_CR200-13', 'TxSON_CR200-14', 'TxSON_CR200-19', 'TxSON_CR200-21', 'TxSON_CR200-22', 'TxSON_CR200-26', 'TxSON_CR200-28', 'TxSON_CR200-29', 'TxSON_CR200-3', 'TxSON_CR200-4', 'TxSON_CR200-9', 'TxSON_LCRA-2']",1,"['ismn', 'ismn', 'ismn', 'ismn', 'ismn', 'ismn', 'ismn', 'ismn', 'ismn', 'ismn', 'ismn', 'ismn', 'ismn', 'ismn']"
763_TxSON,30.25843855050895,-98.71664604773888,10.0,300.0,2670,13,"['TxSON_CR1000-2', 'TxSON_CR1000-3', 'TxSON_CR200-15', 'TxSON_CR200-16', 'TxSON_CR200-17', 'TxSON_CR200-18', 'TxSON_CR200-2', 'TxSON_CR200-24', 'TxSON_CR200-25', 'TxSON_CR200-5', 'TxSON_CR200-6', 'TxSON_CR200-7', 'TxSON_CR200-8']",1,"['ismn', 'ismn', 'ismn', 'ismn', 'ismn', 'ismn', 'ismn', 'ismn', 'ismn', 'ismn', 'ismn', 'ismn', 'ismn']"
764_TxSON,30.4599990844727,-98.9406967163086,10.0,300.0,2631,1,['TxSON_CR1000-4'],1,['ismn']
765_TxSON,30.4147491455078,-98.6120491027832,10.0,300.0,2656,2,"['TxSON_CR1000-5', 'TxSON_LCRA-1']",1,"['ismn', 'ismn']"
766_TxSON,30.2108001708984,-98.8330993652344,10.0,300.0,2617,1,['TxSON_CR200-12'],1,['ismn']
767_TxSON,30.186750411987298,-98.63394927978516,10.0,300.0,2655,2,"['TxSON_CR200-23', 'TxSON_LCRA-3']",1,"['ismn', 'ismn']"
768_TxSON,30.3423004150391,-98.8678970336914,10.0,300.0,2567,1,['TxSON_LCRA-4'],1,['ismn']
769_TxSON,30.3299999237061,-98.6116027832031,10.0,300.0,2094,1,['TxSON_LCRA-5'],1,['ismn']
770_TxSON,30.2408008575439,-98.6252975463867,10.0,300.0,2463,1,['TxSON_LCRA-6'],1,['ismn']
771_TxSON,30.1658000946045,-98.9497985839844,10.0,300.0,2456,1,['TxSON_LCRA-7'],1,['ismn']
772_US-CGG,37.938,-121.9761,10.0,300.0,1700,1,['US-CGG'],1,['fluxnet']
773_US-CRK,31.4629,-95.3415,8.0,300.0,726,1,['US-CRK'],1,['fluxnet']
774_US-CdM,37.5241,-109.7471,10.0,200.0,1160,1,['US-CdM'],1,['fluxnet']
775_US-EA5,29.3584,-99.9576,10.0,200.0,405,1,['US-EA5'],1,['fluxnet']
777_US-Jo2,32.5849,-106.6032,7.0,200.0,1787,1,['US-Jo2'],1,['fluxnet']
778_US-Kon,39.0984997599284,-96.59433408203128,10.0,400.0,2206,3,"['US-Kon', 'US-xKA', 'USCRN_Manhattan-6-SSW']",2,"['fluxnet', 'fluxnet', 'ismn']"
779_US-PFL,45.94781428571429,-90.31211428571427,5.0,400.0,84,7,"['US-PFL', 'US-PFb', 'US-PFc', 'US-PFe', 'US-PFk', 'US-PFm', 'US-PFn']",1,"['fluxnet', 'fluxnet', 'fluxnet', 'fluxnet', 'fluxnet', 'fluxnet', 'fluxnet']"
780_US-PFg,45.9499,-90.24471428571428,5.0,400.0,81,7,"['US-PFg', 'US-PFh', 'US-PFi', 'US-PFj', 'US-PFp', 'US-PFq', 'US-PFt']",1,"['fluxnet', 'fluxnet', 'fluxnet', 'fluxnet', 'fluxnet', 'fluxnet', 'fluxnet']"
781_US-Prr,65.12367,-147.48756,8.0,400.0,947,1,['US-Prr'],1,['fluxnet']
782_US-Rls,43.17193303629556,-116.733101180013,10.0,200.0,2663,3,"['US-Rls', 'US-Rws', 'USCRN_Murphy-10-W']",2,"['fluxnet', 'fluxnet', 'ismn']"
783_US-Rms,43.0645,-116.7486,10.0,400.0,2275,1,['US-Rms'],1,['fluxnet']
784_US-SRM,31.8214,-110.8661,7.0,200.0,1355,1,['US-SRM'],1,['fluxnet']
785_US-xBL,39.0603,-78.0716,9.0,300.0,570,1,['US-xBL'],1,['fluxnet']
786_US-xCL,33.4012,-97.57,10.0,300.0,1136,1,['US-xCL'],1,['fluxnet']
787_US-xDS,28.125,-81.4362,9.0,300.0,1158,1,['US-xDS'],1,['fluxnet']
788_US-xMB,38.2483,-109.3883,10.0,200.0,149,1,['US-xMB'],1,['fluxnet']
790_US-xRN,35.9641,-84.2826,4.0,300.0,481,1,['US-xRN'],1,['fluxnet']
791_US-xSC,38.8929,-78.1395,4.0,300.0,606,1,['US-xSC'],1,['fluxnet']
792_US-xSJ,37.1088,-119.7323,10.0,300.0,350,1,['US-xSJ'],1,['fluxnet']
793_US-xUN,46.2339,-89.5373,5.0,400.0,184,1,['US-xUN'],1,['fluxnet']
797_USCRN,43.462100982666,-113.555999755859,10.0,200.0,1795,1,['USCRN_Arco-17-SW'],1,['ismn']
799_USCRN,39.8592987060547,-75.7861022949219,9.0,300.0,2442,1,['USCRN_Avondale-2-N'],1,['ismn']
800_USCRN,39.0117988586426,-114.208999633789,10.0,200.0,1966,1,['USCRN_Baker-5-W'],1,['ismn']
801_USCRN,35.8200988769531,-91.7811965942383,8.0,300.0,2622,1,['USCRN_Batesville-8-WNW'],1,['ismn']
802_USCRN,38.8881988525391,-86.5707015991211,8.0,400.0,2246,1,['USCRN_Bedford-5-WNW'],1,['ismn']
803_USCRN,40.035400390625,-105.540901184082,8.0,400.0,1264,1,['USCRN_Boulder-14-W'],1,['ismn']
804_USCRN,37.2504005432129,-86.2324981689453,4.0,300.0,2331,1,['USCRN_Bowling-Green-21-NNE'],1,['ismn']
805_USCRN,41.6162986755371,-112.543701171875,10.0,200.0,2101,1,['USCRN_Brigham-City-28-WNW'],1,['ismn']
806_USCRN,32.0407981872559,-100.249496459961,10.0,200.0,2775,1,['USCRN_Bronte-11-NNE'],1,['ismn']
810_USCRN,37.255298614502,-108.50350189209,10.0,200.0,1793,1,['USCRN_Cortez-8-SE'],1,['ismn']
811_USCRN,44.4184989929199,-123.325698852539,12.0,300.0,2371,1,['USCRN_Corvallis-10-SSW'],1,['ismn']
812_USCRN,40.36669921875,-81.7828979492188,14.0,400.0,422,1,['USCRN_Coshocton-8-NNE'],1,['ismn']
813_USCRN,48.5405006408691,-121.445999145508,1.0,300.0,1842,1,['USCRN_Darrington-21-NNE'],1,['ismn']
814_USCRN,41.8484001159668,-119.635696411133,10.0,200.0,1698,1,['USCRN_Denio-52-WSW'],1,['ismn']
815_USCRN,45.1580009460449,-113.005699157715,10.0,200.0,1514,1,['USCRN_Dillon-18-WSW'],1,['ismn']
816_USCRN,40.2445983886719,-108.967697143555,10.0,200.0,2076,1,['USCRN_Dinosaur-2-E'],1,['ismn']
819_USCRN,43.1091995239258,-70.9484024047852,8.0,400.0,1938,1,['USCRN_Durham-2-SSW'],1,['ismn']
820_USCRN,26.5258007049561,-98.0633010864258,10.0,200.0,2353,1,['USCRN_Edinburg-17-NNE'],1,['ismn']
821_USCRN,31.5907001495361,-110.508697509766,7.0,200.0,2254,1,['USCRN_Elgin-5-S'],1,['ismn']
822_USCRN,39.0130004882812,-79.4742965698242,4.0,400.0,1940,1,['USCRN_Elkins-21-ENE'],1,['ismn']
823_USCRN,33.4392013549805,-117.190399169922,9.0,200.0,3215,1,['USCRN_Fallbrook-5-NE'],1,['ismn']
824_USCRN,34.285099029541,-85.9620971679688,9.0,300.0,2838,1,['USCRN_Gadsden-19-N'],1,['ismn']
825_USCRN,44.9080009460449,-84.7202987670898,8.0,400.0,1905,1,['USCRN_Gaylord-9-SSW'],1,['ismn']
826_USCRN,48.3055000305176,-95.874397277832,12.0,400.0,1201,1,['USCRN_Goodridge-12-NNW'],1,['ismn']
827_USCRN,36.58374977111815,-101.602352142334,10.0,200.0,2515,2,"['USCRN_Goodwell-2-E', 'USCRN_Goodwell-2-SE']",1,"['ismn', 'ismn']"
828_USCRN,42.4247016906738,-103.736297607422,10.0,200.0,1392,1,['USCRN_Harrison-20-SSE'],1,['ismn']
829_USCRN,34.8222999572754,-89.4347991943359,8.0,300.0,2086,1,['USCRN_Holly-Springs-4-N'],1,['ismn']
832_USCRN,37.4277000427246,-94.5829010009766,12.0,300.0,2132,1,['USCRN_Joplin-24-N'],1,['ismn']
833_USCRN,41.48464965820315,-71.54150009155275,4.0,300.0,2510,2,"['USCRN_Kingston-1-NW', 'USCRN_Kingston-1-W']",1,"['ismn', 'ismn']"
834_USCRN,37.863899230957,-103.822402954102,10.0,200.0,2124,1,['USCRN_La-Junta-17-WSW'],1,['ismn']
835_USCRN,42.6753997802734,-108.668601989746,10.0,200.0,1813,1,['USCRN_Lander-11-SSE'],1,['ismn']
837_USCRN,46.8945999145508,-103.376899719238,10.0,200.0,1809,1,['USCRN_Medora-7-E'],1,['ismn']
839_USCRN,36.6240005493164,-116.022499084473,7.0,200.0,2956,1,['USCRN_Mercury-3-SSW'],1,['ismn']
840_USCRN,31.6219005584717,-102.807098388672,10.0,200.0,3026,1,['USCRN_Monahans-6-ENE'],1,['ismn']
841_USCRN,38.5439987182617,-107.692802429199,10.0,200.0,1734,1,['USCRN_Montrose-11-ENE'],1,['ismn']
842_USCRN,43.6614990234375,-110.71199798584,10.0,400.0,1388,1,['USCRN_Moose-1-NNE'],1,['ismn']
843_USCRN,33.9556999206543,-102.774002075195,10.0,200.0,2386,1,['USCRN_Muleshoe-19-S'],1,['ismn']
844_USCRN,44.0603981018066,-90.173698425293,8.0,400.0,2028,1,['USCRN_Necedah-5-WNW'],1,['ismn']
845_USCRN,31.1923007965088,-84.4465026855469,8.0,300.0,1972,1,['USCRN_Newton-11-SW'],1,['ismn']
846_USCRN,48.967601776123,-102.170196533203,12.0,400.0,1663,1,['USCRN_Northgate-5-ESE'],1,['ismn']
847_USCRN,40.8065986633301,-104.75520324707,10.0,200.0,1921,1,['USCRN_Nunn-7-NNE'],1,['ismn']
848_USCRN,29.3483009338379,-103.209297180176,7.0,200.0,3161,1,['USCRN_Panther-Junction-2-N'],1,['ismn']
849_USCRN,44.019401550293,-100.352996826172,10.0,400.0,2007,1,['USCRN_Pierre-24-S'],1,['ismn']
850_USCRN,47.5139007568359,-123.811996459961,1.0,300.0,2856,1,['USCRN_Quinault-4-NE'],1,['ismn']
851_USCRN,40.6506996154785,-122.606796264648,1.0,300.0,2374,1,['USCRN_Redding-12-WNW'],1,['ismn']
852_USCRN,43.4710998535156,-119.691703796387,10.0,200.0,1874,1,['USCRN_Riley-10-WSW'],1,['ismn']
853_USCRN,37.6343994140625,-91.7226028442383,8.0,300.0,2379,1,['USCRN_Salem-10-W'],1,['ismn']
854_USCRN,46.1134986877441,-92.9935989379883,8.0,400.0,1744,1,['USCRN_Sandstone-6-W'],1,['ismn']
855_USCRN,41.8429985046387,-88.8513031005859,12.0,400.0,1800,1,['USCRN_Shabbona-5-NNE'],1,['ismn']
856_USCRN,34.3557014465332,-106.885902404785,7.0,200.0,2542,1,['USCRN_Socorro-20-N'],1,['ismn']
857_USCRN,47.4174003601074,-117.526397705078,12.0,200.0,2062,1,['USCRN_Spokane-17-SSW'],1,['ismn']
858_USCRN,48.7411994934082,-113.432998657227,10.0,400.0,1549,1,['USCRN_St.-Mary-1-SSW'],1,['ismn']
859_USCRN,36.1180992126465,-97.0914001464844,10.0,300.0,2442,1,['USCRN_Stillwater-2-W'],1,['ismn']
860_USCRN,36.1346015930176,-97.1082000732422,10.0,300.0,2583,1,['USCRN_Stillwater-5-WNW'],1,['ismn']
861_USCRN,36.6020011901855,-117.144897460938,16.0,200.0,3181,1,['USCRN_Stovepipe-Wells-1-SW'],1,['ismn']
862_USCRN,44.5168991088867,-104.436302185059,8.0,400.0,1718,1,['USCRN_Sundance-8-NNW'],1,['ismn']
863_USCRN,32.2394981384277,-111.16960144043,7.0,200.0,3193,1,['USCRN_Tucson-11-W'],1,['ismn']
865_USCRN,33.7836990356445,-83.3896026611328,8.0,300.0,2852,1,['USCRN_Watkinsville-5-SSE'],1,['ismn']
866_USCRN,42.068000793457,-101.444999694824,10.0,400.0,2058,1,['USCRN_Whitman-5-ENE'],1,['ismn']
867_USCRN,35.755199432373,-112.33740234375,7.0,200.0,2378,1,['USCRN_Williams-35-NNW'],1,['ismn']
868_USCRN,48.3082008361816,-105.10179901123,10.0,200.0,1434,1,['USCRN_Wolf-Point-29-ENE'],1,['ismn']
870_USCRN,37.7592010498047,-119.82080078125,8.0,300.0,2086,1,['USCRN_Yosemite-Village-12-W'],1,['ismn']
871_USCRN,32.8349990844727,-114.188400268555,16.0,200.0,2831,1,['USCRN_Yuma-27-ENE'],1,['ismn']
872_VenadoTuerto,-33.67,-61.97,12.0,300.0,664,1,['VenadoTuerto'],1,['collected']
873_WATERLINE,41.1800003051758,25.2800006866455,10.0,300.0,952,1,['WATERLINE_Kerasia'],1,['ismn']
874_WATERLINE,41.1230010986328,25.3859996795654,12.0,300.0,876,1,['WATERLINE_Komotini'],1,['ismn']
875_WATERLINE,41.2639999389648,25.4360008239746,4.0,300.0,903,1,['WATERLINE_Nymfaia'],1,['ismn']
877_XMS-CAT,41.7514495849609,1.62302994728088,8.0,300.0,342,1,['XMS-CAT_AguilardeSegarra'],1,['ismn']
879_XMS-CAT,42.4133987426758,1.89098000526428,10.0,300.0,295,1,['XMS-CAT_Bolvir'],1,['ismn']
880_XMS-CAT,42.4141998291016,1.46530997753143,8.0,300.0,700,1,['XMS-CAT_BordaColl'],1,['ismn']
881_XMS-CAT,42.1553993225098,0.925499975681305,9.0,300.0,2242,1,['XMS-CAT_CamidelsNerets'],1,['ismn']
882_XMS-CAT,42.4197998046875,2.94127988815308,8.0,300.0,589,1,['XMS-CAT_Cantallops'],1,['ismn']
883_XMS-CAT,42.1194610595703,2.28235006332397,8.0,300.0,900,1,['XMS-CAT_Clarella'],1,['ismn']
884_XMS-CAT,42.1556816101074,0.834779977798462,9.0,300.0,648,1,['XMS-CAT_ClotdelesPeresI'],1,['ismn']
885_XMS-CAT,42.1974792480469,1.24688005447388,8.0,300.0,1757,1,['XMS-CAT_ColldePaller'],1,['ismn']
886_XMS-CAT,42.3987083435059,0.9583899974823,10.0,400.0,1579,1,['XMS-CAT_ElBoixer'],1,['ismn']
887_XMS-CAT,41.9139289855957,1.52760004997253,12.0,300.0,996,1,['XMS-CAT_ElMiracle'],1,['ismn']
888_XMS-CAT,42.3367309570312,3.06479001045227,12.0,200.0,427,1,['XMS-CAT_Garriguella'],1,['ismn']
889_XMS-CAT,42.5880317687988,1.32990002632141,10.0,400.0,1081,1,['XMS-CAT_LaCultiadAreu'],1,['ismn']
890_XMS-CAT,42.4691505432129,1.97235000133514,8.0,300.0,825,1,['XMS-CAT_Llivia'],1,['ismn']
891_XMS-CAT,42.1457099914551,0.983179986476898,12.0,300.0,1919,1,['XMS-CAT_LosCoscolls'],1,['ismn']
892_XMS-CAT,42.2179985046387,1.01960003376007,9.0,300.0,2336,1,['XMS-CAT_Pessonada'],1,['ismn']
893_XMS-CAT,41.8031883239746,0.909690022468567,12.0,200.0,1458,1,['XMS-CAT_RiberadeSio'],1,['ismn']
894_XMS-CAT,42.2112007141113,0.893899977207184,9.0,300.0,2336,1,['XMS-CAT_SerradeCostaAmpla'],1,['ismn']
